3.600930799999999721e+01,3.190426599999999979e+01,4.965095999999999776e+01,3.109588600000000014e+01,1.287607899999999859e+02,2.159959800000000030e+01,3.803266500000000150e+01,1.242851500000000016e+02,2.389318499999999901e+01,1.994003899999999874e+01,1.161548400000000036e+01,1.723389999999999844e+01,1.502781700000000065e+01,2.895260299999999898e+00,9.467586499999999461e+00,1.000000000000000000e+00
2.892808000000000135e+01,3.236534999999999940e+01,4.556519300000000072e+01,2.834440800000000138e+01,1.294298400000000129e+02,2.119801299999999955e+01,3.342707999999999657e+01,1.232806199999999990e+02,2.382571400000000139e+01,1.675600800000000135e+01,1.627438400000000129e+01,1.606176400000000015e+01,1.579887100000000011e+01,3.592143400000000208e-01,8.991153999999999868e+00,1.000000000000000000e+00
2.937644799999999989e+01,3.240607500000000130e+01,4.587077000000000027e+01,2.764990999999999843e+01,1.302423400000000129e+02,2.045311999999999841e+01,3.434658400000000000e+01,1.240060000000000002e+02,2.327528399999999920e+01,1.683117899999999878e+01,1.727965700000000027e+01,1.655599000000000132e+01,1.497670399999999979e+01,3.585996300000000025e-01,8.970954000000000761e+00,1.000000000000000000e+00
2.885433599999999998e+01,3.237817799999999835e+01,4.636695999999999884e+01,2.743027100000000118e+01,1.300822599999999909e+02,2.029450399999999988e+01,3.401916500000000099e+01,1.231024100000000061e+02,2.312516799999999861e+01,1.642897599999999869e+01,1.746084400000000159e+01,1.630365799999999865e+01,1.542546500000000087e+01,9.181599000000000288e-01,8.773460000000000036e+00,1.000000000000000000e+00
2.832792299999999841e+01,3.258299600000000140e+01,4.551733000000000118e+01,2.655491400000000013e+01,1.262878900000000044e+02,2.115033499999999833e+01,3.506868699999999706e+01,1.190514699999999948e+02,2.313591399999999965e+01,1.637546000000000035e+01,1.809924699999999831e+01,1.532266500000000065e+01,1.527053599999999989e+01,3.303852700000000087e-01,8.116028999999999272e+00,1.000000000000000000e+00
2.882562599999999975e+01,3.361220999999999748e+01,4.587465000000000259e+01,2.764938700000000082e+01,1.274246200000000044e+02,2.174382999999999910e+01,3.597282400000000280e+01,1.209703399999999931e+02,2.354029500000000041e+01,1.715209799999999873e+01,1.734704800000000091e+01,1.624753000000000114e+01,1.462625199999999914e+01,1.022672500000000095e+00,8.322062499999999474e+00,1.000000000000000000e+00
2.826590300000000155e+01,3.186274500000000032e+01,4.591460399999999709e+01,2.365434799999999882e+01,1.195340599999999966e+02,2.582362399999999880e+01,3.985464999999999947e+01,1.167030939999999930e+02,2.170166599999999946e+01,1.714314500000000052e+01,1.628692799999999963e+01,1.448634799999999956e+01,1.314094099999999976e+01,2.552775899999999876e+00,7.631898399999999860e+00,1.000000000000000000e+00
2.950736200000000053e+01,3.128188899999999961e+01,4.648575000000000301e+01,2.906396700000000166e+01,1.251131599999999935e+02,2.078482199999999835e+01,4.116316599999999681e+01,1.183987800000000021e+02,2.228509899999999888e+01,1.901302700000000101e+01,1.332442900000000030e+01,1.545130349999999986e+01,1.180979899999999994e+01,3.439259499999999914e+00,7.943675500000000334e+00,1.000000000000000000e+00
2.859936099999999826e+01,3.145046800000000076e+01,4.733548400000000100e+01,2.768306700000000120e+01,1.251345749999999981e+02,2.118133399999999966e+01,4.137545800000000185e+01,1.169512699999999938e+02,2.257138399999999834e+01,1.916494600000000048e+01,1.344807149999999929e+01,1.522048299999999976e+01,1.154404300000000028e+01,3.675841300000000089e+00,7.649289600000000355e+00,1.000000000000000000e+00
2.899682599999999866e+01,3.251806299999999794e+01,4.664802000000000248e+01,2.916300400000000081e+01,1.262979700000000065e+02,2.086299899999999852e+01,4.290706600000000037e+01,1.183200999999999965e+02,2.257054000000000116e+01,1.969880699999999862e+01,1.320705500000000043e+01,1.587227200000000060e+01,1.193186599999999942e+01,3.599403999999999826e+00,8.124128999999999934e+00,1.000000000000000000e+00
2.897890299999999897e+01,3.223611999999999966e+01,4.909177999999999997e+01,2.992964600000000175e+01,1.256439100000000053e+02,2.035210599999999914e+01,4.110951200000000227e+01,1.174990899999999954e+02,2.260052999999999912e+01,1.931109400000000065e+01,1.333003899999999931e+01,1.572584999999999944e+01,1.235735700000000037e+01,2.785207000000000210e+00,7.941627999999999687e+00,1.000000000000000000e+00
2.850352499999999978e+01,3.259754000000000218e+01,5.045207599999999815e+01,2.782366999999999990e+01,1.273356399999999979e+02,1.964460199999999901e+01,4.318691299999999700e+01,1.171240499999999969e+02,2.174017299999999864e+01,1.980351399999999984e+01,1.365742799999999946e+01,1.572713300000000025e+01,1.276304400000000072e+01,2.855020500000000183e+00,7.741887000000000185e+00,1.000000000000000000e+00
2.843842899999999929e+01,3.250005699999999820e+01,5.623493200000000058e+01,2.980857500000000115e+01,1.281128199999999993e+02,1.972059000000000140e+01,4.165404999999999802e+01,1.201416100000000000e+02,2.279923799999999900e+01,2.008987000000000123e+01,1.463948599999999978e+01,1.715027200000000107e+01,1.316211999999999982e+01,2.854731800000000153e+00,8.370430000000000703e+00,1.000000000000000000e+00
2.908310300000000126e+01,2.769257400000000047e+01,5.609387600000000162e+01,3.134016199999999941e+01,1.285522899999999993e+02,1.854661799999999872e+01,4.331366299999999825e+01,1.228213899999999938e+02,2.049414600000000064e+01,1.993968599999999824e+01,1.565390599999999921e+01,1.777582699999999960e+01,1.283547599999999989e+01,3.716820999999999930e+00,1.015922450000000055e+01,1.000000000000000000e+00
2.741978999999999900e+01,2.487895999999999930e+01,5.163139300000000276e+01,3.372064999999999912e+01,1.246372000000000071e+02,1.654228399999999866e+01,4.393395199999999789e+01,1.211576100000000054e+02,2.032699600000000117e+01,1.945958299999999852e+01,1.824535600000000102e+01,1.800615000000000165e+01,1.163602700000000034e+01,6.299025499999999944e+00,1.059700100000000056e+01,1.000000000000000000e+00
2.380387699999999995e+01,2.361242500000000177e+01,4.580320400000000092e+01,3.373821300000000178e+01,1.214959199999999981e+02,1.735924299999999931e+01,4.009461999999999904e+01,1.192698699999999974e+02,2.028722399999999837e+01,1.864504399999999862e+01,2.196763800000000089e+01,1.829017999999999944e+01,1.417228000000000065e+01,5.332812999999999803e+00,1.133737400000000051e+01,1.000000000000000000e+00
2.316899499999999890e+01,2.436732299999999896e+01,4.355170400000000086e+01,3.425822999999999752e+01,1.205607799999999941e+02,1.765913799999999867e+01,4.158365599999999773e+01,1.181488700000000023e+02,2.003878600000000176e+01,1.874369599999999991e+01,2.261811000000000149e+01,1.864024500000000018e+01,1.537471400000000088e+01,4.687093299999999907e+00,1.166855900000000013e+01,1.000000000000000000e+00
2.344935999999999865e+01,2.286611699999999914e+01,4.593050800000000322e+01,3.494686999999999699e+01,1.225443400000000054e+02,1.657065199999999905e+01,4.365546400000000204e+01,1.172981199999999973e+02,1.973159800000000175e+01,1.952818999999999861e+01,2.366545899999999847e+01,1.923766000000000176e+01,1.561949899999999936e+01,4.376509699999999725e+00,1.167440999999999995e+01,1.000000000000000000e+00
2.336978500000000025e+01,2.319254700000000113e+01,4.685386700000000104e+01,3.472167199999999809e+01,1.223015749999999997e+02,1.659360300000000166e+01,4.442515999999999821e+01,1.164202499999999958e+02,1.963110500000000158e+01,1.983336299999999852e+01,2.384447000000000116e+01,1.962280300000000111e+01,1.509003799999999984e+01,5.640547800000000223e+00,1.172859000000000052e+01,1.000000000000000000e+00
2.390467500000000101e+01,2.421056700000000106e+01,4.859226199999999807e+01,3.455864299999999645e+01,1.228921899999999994e+02,1.683276599999999945e+01,4.433985500000000002e+01,1.162859949999999998e+02,2.023938400000000115e+01,1.997769399999999962e+01,2.414143199999999823e+01,2.041259200000000007e+01,1.540187300000000015e+01,5.549495000000000289e+00,1.182462499999999928e+01,1.000000000000000000e+00
2.302231000000000094e+01,2.332725500000000096e+01,4.951479700000000150e+01,3.750816300000000325e+01,1.200030100000000033e+02,1.608211899999999872e+01,4.268437999999999732e+01,1.179591499999999940e+02,2.036341300000000132e+01,1.994681999999999888e+01,2.438903200000000027e+01,2.112282599999999988e+01,1.498621699999999990e+01,6.339839500000000072e+00,1.222555999999999976e+01,1.000000000000000000e+00
2.038674999999999926e+01,2.248861499999999936e+01,5.173449699999999751e+01,3.663461699999999865e+01,1.193921500000000009e+02,1.651072500000000076e+01,3.859314700000000187e+01,1.205425199999999961e+02,2.030699699999999908e+01,1.949151600000000073e+01,2.790364299999999886e+01,2.129135300000000086e+01,1.622025000000000006e+01,5.558194600000000207e+00,1.157834300000000027e+01,1.000000000000000000e+00
1.966155399999999887e+01,2.033458100000000002e+01,5.515700499999999806e+01,3.647290999999999883e+01,1.201740099999999956e+02,1.638887199999999922e+01,3.796191799999999716e+01,1.216338039999999978e+02,2.106334999999999980e+01,1.948666400000000110e+01,2.596763999999999939e+01,2.148024600000000106e+01,1.584888899999999978e+01,6.356773399999999796e+00,1.181450399999999945e+01,1.000000000000000000e+00
2.102396600000000149e+01,1.733481000000000094e+01,5.831517399999999895e+01,3.279345699999999653e+01,1.233000600000000020e+02,1.732596200000000053e+01,3.492202000000000339e+01,1.272543950000000024e+02,2.077601200000000148e+01,1.786667800000000028e+01,2.940214500000000086e+01,2.170505299999999949e+01,1.678418999999999883e+01,4.118020999999999709e+00,1.185284200000000077e+01,1.000000000000000000e+00
1.817228000000000065e+01,1.747447599999999923e+01,5.396905999999999892e+01,3.212179600000000335e+01,1.218380499999999955e+02,1.841283200000000164e+01,3.325726699999999880e+01,1.271758039999999994e+02,2.063258199999999931e+01,1.698872199999999921e+01,2.983634999999999948e+01,1.978758399999999895e+01,1.671779599999999988e+01,3.371878099999999989e+00,1.142906200000000005e+01,1.000000000000000000e+00
1.920613900000000029e+01,1.809671399999999863e+01,5.798783000000000243e+01,3.092214999999999847e+01,1.231398539999999997e+02,1.804496800000000079e+01,3.047656599999999827e+01,1.314974400000000117e+02,2.019692200000000071e+01,1.611937899999999857e+01,2.913998799999999889e+01,2.015523699999999963e+01,1.623350500000000096e+01,2.687668299999999899e+00,1.197159399999999962e+01,1.000000000000000000e+00
1.988441999999999865e+01,1.682502699999999862e+01,5.522153500000000292e+01,2.648894999999999911e+01,1.237495600000000024e+02,1.983960499999999882e+01,2.543208500000000072e+01,1.320341300000000047e+02,1.976557400000000086e+01,1.396590400000000010e+01,2.930048999999999992e+01,1.790145499999999856e+01,1.682386999999999944e+01,1.004742599999999930e+00,1.130904800000000066e+01,1.000000000000000000e+00
1.791375199999999879e+01,2.186533000000000015e+01,5.856184999999999974e+01,2.446518999999999977e+01,1.234219360000000023e+02,2.104018999999999906e+01,2.206889299999999920e+01,1.314099099999999964e+02,2.175084299999999971e+01,1.384408499999999975e+01,2.972567700000000102e+01,1.783814999999999884e+01,1.574568499999999993e+01,1.788879300000000061e+00,1.051577900000000021e+01,1.000000000000000000e+00
1.873694400000000115e+01,2.039657599999999960e+01,6.210006700000000279e+01,2.715190300000000079e+01,1.195227000000000004e+02,1.984795400000000143e+01,2.095544200000000146e+01,1.212417099999999976e+02,2.686390700000000109e+01,1.425691999999999915e+01,2.310572200000000009e+01,1.711419100000000171e+01,1.502351499999999973e+01,1.923718599999999945e+00,1.013247600000000048e+01,1.000000000000000000e+00
1.907239699999999871e+01,1.932647700000000057e+01,6.065419800000000095e+01,2.864290400000000147e+01,1.139000240000000019e+02,2.137918300000000116e+01,2.092622000000000071e+01,1.141209999999999951e+02,2.985078199999999882e+01,1.481685799999999986e+01,2.439766099999999938e+01,1.518776100000000007e+01,1.644709599999999838e+01,1.174095000000000111e+00,9.690129000000000659e+00,1.000000000000000000e+00
1.983265000000000100e+01,2.118292999999999893e+01,5.823066000000000031e+01,2.769843499999999992e+01,1.112054700000000054e+02,2.308566000000000074e+01,1.904930099999999982e+01,1.136995299999999958e+02,3.162034999999999840e+01,1.370060100000000070e+01,2.605329499999999854e+01,1.543761699999999948e+01,1.491318500000000036e+01,1.706971800000000039e+00,9.381399999999999295e+00,1.000000000000000000e+00
1.644085099999999855e+01,2.297578800000000143e+01,5.261918299999999959e+01,2.803870799999999974e+01,1.103593400000000031e+02,2.293005000000000138e+01,1.657717699999999894e+01,9.462490999999999985e+01,4.803450999999999738e+01,1.456453999999999915e+01,2.767709199999999825e+01,1.694956399999999874e+01,1.670325899999999919e+01,2.476974999999999927e+00,8.916266999999999499e+00,1.000000000000000000e+00
1.651266899999999893e+01,2.704871400000000037e+01,4.956163399999999797e+01,2.950976800000000111e+01,1.029382800000000060e+02,3.074655999999999878e+01,1.535229999999999961e+01,8.310751999999999384e+01,6.891325999999999397e+01,1.292243099999999956e+01,2.780571600000000032e+01,6.291657299999999964e+01,1.510333999999999932e+01,4.332601999999999620e+00,8.316361999999999810e+00,1.000000000000000000e+00
2.056959000000000160e+01,2.771195000000000164e+01,4.301059300000000007e+01,3.139646099999999862e+01,1.045539700000000067e+02,2.780356600000000000e+01,2.075081300000000084e+01,1.248599399999999946e+02,2.763344400000000078e+01,1.301998900000000070e+01,3.696771600000000291e+01,8.998766000000000531e+01,1.403880099999999942e+01,6.655787499999999746e+00,1.044131600000000049e+01,1.000000000000000000e+00
2.102697799999999972e+01,2.790272699999999872e+01,3.344431699999999807e+01,3.152280400000000071e+01,1.089218439999999930e+02,2.457422400000000096e+01,2.243879899999999950e+01,1.083921500000000009e+02,3.633370000000000033e+01,1.314997199999999999e+01,4.144460300000000075e+01,3.966521000000000186e+01,1.278141800000000039e+01,5.520144000000000162e+00,8.517319999999999780e+00,1.000000000000000000e+00
2.520974000000000004e+01,3.017849000000000004e+01,3.556375500000000045e+01,2.904086300000000165e+01,1.176198799999999949e+02,2.297289299999999912e+01,3.096395700000000062e+01,1.263364100000000008e+02,2.139721499999999921e+01,1.495902300000000018e+01,4.934570000000000078e+01,4.423026300000000077e+01,1.483620799999999917e+01,5.464394999999999669e+00,1.090151099999999929e+01,1.000000000000000000e+00
2.488177100000000053e+01,3.319093300000000113e+01,4.198264999999999958e+01,2.769776999999999845e+01,1.199011200000000059e+02,2.217575599999999980e+01,3.395350299999999777e+01,1.253764100000000070e+02,1.985369100000000131e+01,1.558097700000000074e+01,4.321721999999999753e+01,3.310798599999999681e+01,1.470458900000000035e+01,3.848564999999999792e+00,1.072406600000000054e+01,1.000000000000000000e+00
2.579963000000000051e+01,3.479953799999999831e+01,4.687939999999999685e+01,3.152901299999999907e+01,1.232037600000000026e+02,1.876141199999999998e+01,3.791851799999999884e+01,1.261915199999999970e+02,1.862795799999999957e+01,1.765426300000000026e+01,3.704801599999999695e+01,2.272710400000000064e+01,1.311208799999999997e+01,3.757079099999999894e+00,1.040375700000000059e+01,1.000000000000000000e+00
2.743901999999999930e+01,3.360819200000000251e+01,5.165213800000000077e+01,3.252535600000000215e+01,1.238463749999999948e+02,1.967874499999999927e+01,3.756223700000000321e+01,1.263135500000000064e+02,2.025310100000000091e+01,1.793241899999999944e+01,2.718559300000000079e+01,2.220423100000000005e+01,1.229058500000000009e+01,3.750057700000000160e+00,1.046145899999999962e+01,1.000000000000000000e+00
2.846371699999999905e+01,3.623666800000000165e+01,5.377333999999999747e+01,3.139692300000000103e+01,1.268278049999999979e+02,2.093293800000000005e+01,3.649492999999999654e+01,1.276757199999999983e+02,2.201502800000000093e+01,1.793167700000000053e+01,2.238676600000000150e+01,2.143018999999999963e+01,1.356920299999999990e+01,3.589494000000000185e+00,1.084905799999999942e+01,1.000000000000000000e+00
3.112359000000000009e+01,3.846656000000000120e+01,5.283082000000000278e+01,3.100690000000000168e+01,1.287150300000000129e+02,2.023509200000000163e+01,3.725469999999999970e+01,1.279741099999999960e+02,2.246941400000000044e+01,1.823518800000000084e+01,2.033040400000000147e+01,2.032870899999999992e+01,1.535206200000000010e+01,3.427479700000000129e+00,1.131960499999999925e+01,1.000000000000000000e+00
3.074137899999999846e+01,3.714823499999999967e+01,5.500729400000000169e+01,3.238221999999999667e+01,1.274171750000000003e+02,2.060143300000000011e+01,3.737143999999999977e+01,1.258039550000000020e+02,2.309569199999999967e+01,1.809668500000000080e+01,1.881315800000000138e+01,1.995127099999999842e+01,1.699467999999999890e+01,2.926653899999999808e+00,1.144864100000000029e+01,1.000000000000000000e+00
3.122480399999999889e+01,3.636360499999999973e+01,5.605829200000000156e+01,3.040847799999999879e+01,1.307279499999999928e+02,2.073279199999999989e+01,3.687454600000000227e+01,1.272477399999999932e+02,2.295856300000000161e+01,1.819480499999999878e+01,1.653112799999999893e+01,1.905865500000000168e+01,1.719299699999999831e+01,4.597349600000000258e+00,1.134729199999999949e+01,1.000000000000000000e+00
3.247393999999999892e+01,4.010589600000000132e+01,5.440324999999999989e+01,2.860145800000000094e+01,1.336321599999999989e+02,2.052261999999999986e+01,3.196005399999999952e+01,1.333324000000000069e+02,2.296815099999999887e+01,1.742108199999999840e+01,1.553184599999999982e+01,1.898898700000000161e+01,1.786072300000000013e+01,5.785993999999999637e+00,1.153630700000000076e+01,1.000000000000000000e+00
3.153102099999999908e+01,4.202194599999999980e+01,5.129557799999999901e+01,2.949743799999999894e+01,1.339449899999999900e+02,1.940570599999999857e+01,3.126240699999999961e+01,1.335732999999999890e+02,2.313705399999999912e+01,1.674907299999999921e+01,1.507835099999999962e+01,1.956676099999999963e+01,1.841149300000000011e+01,8.247464000000000794e+00,1.144120999999999988e+01,1.000000000000000000e+00
3.323259999999999792e+01,4.234382200000000296e+01,5.306847400000000192e+01,2.881342100000000173e+01,1.352216999999999985e+02,2.076396000000000086e+01,3.261271700000000351e+01,1.321177800000000104e+02,2.502718199999999982e+01,1.718962099999999893e+01,1.055869999999999997e+01,1.854946299999999937e+01,2.033471300000000070e+01,8.321177499999999227e+00,1.142445850000000007e+01,1.000000000000000000e+00
3.293229000000000184e+01,4.193538699999999864e+01,5.340742999999999796e+01,2.894351999999999947e+01,1.357367199999999912e+02,2.135901000000000138e+01,3.132293299999999903e+01,1.332326500000000067e+02,2.545411000000000001e+01,1.718093899999999863e+01,8.559729000000000809e+00,1.822018600000000177e+01,2.185135700000000014e+01,9.698536999999999964e+00,1.207358550000000008e+01,1.000000000000000000e+00
3.253143000000000029e+01,4.236392599999999931e+01,5.146105000000000018e+01,2.619912100000000166e+01,1.388646999999999991e+02,2.160238299999999967e+01,2.978075600000000023e+01,1.337244100000000060e+02,2.562272600000000011e+01,1.666689900000000080e+01,9.622436000000000433e+00,1.770868899999999968e+01,2.446659700000000015e+01,9.294133999999999673e+00,1.217576399999999914e+01,1.000000000000000000e+00
3.386257599999999712e+01,4.181656300000000215e+01,5.028482400000000041e+01,2.322029699999999863e+01,1.413716100000000040e+02,2.079553200000000146e+01,2.774209600000000009e+01,1.340946000000000140e+02,2.412412000000000134e+01,1.561707299999999954e+01,9.189678000000000679e+00,1.623104000000000013e+01,2.544490199999999902e+01,8.702394500000000477e+00,1.136002799999999979e+01,1.000000000000000000e+00
3.335304599999999908e+01,4.087172699999999992e+01,5.190856999999999744e+01,2.249784899999999865e+01,1.426313600000000008e+02,2.422321099999999916e+01,2.874399999999999977e+01,1.314774299999999982e+02,2.582050299999999865e+01,1.594114899999999935e+01,8.550781000000000631e+00,1.591533100000000012e+01,2.792936500000000066e+01,6.796686000000000227e+00,1.119604900000000036e+01,1.000000000000000000e+00
3.389201700000000272e+01,4.065759700000000265e+01,4.946907000000000210e+01,2.075894999999999868e+01,1.442738799999999912e+02,1.956210000000000093e+01,2.465417300000000012e+01,1.365428599999999904e+02,2.518146700000000138e+01,1.623638700000000057e+01,8.119773999999999603e+00,1.613906499999999866e+01,2.896333900000000128e+01,9.168255000000000265e+00,1.171351699999999951e+01,1.000000000000000000e+00
3.676088699999999676e+01,4.174919500000000028e+01,4.886858399999999847e+01,2.090187500000000043e+01,1.453523700000000076e+02,1.673732599999999948e+01,2.473225199999999901e+01,1.351661499999999876e+02,2.479657999999999873e+01,1.691913999999999874e+01,7.996686500000000031e+00,1.715143600000000035e+01,3.039206300000000027e+01,7.885522400000000154e+00,1.310136999999999929e+01,1.000000000000000000e+00
3.554807699999999926e+01,4.200240999999999758e+01,4.744885299999999972e+01,1.986961700000000164e+01,1.463039200000000051e+02,1.562479100000000010e+01,2.353276599999999874e+01,1.345329099999999869e+02,2.518000599999999878e+01,1.667961499999999830e+01,8.219979999999999620e+00,1.684661900000000045e+01,2.973663900000000027e+01,9.153356999999999744e+00,1.242587100000000078e+01,1.000000000000000000e+00
3.686322400000000243e+01,4.189053700000000191e+01,4.629342700000000121e+01,1.979474300000000042e+01,1.462233600000000138e+02,1.286682799999999993e+01,2.288642700000000119e+01,1.348100100000000054e+02,2.547353199999999873e+01,1.612007499999999993e+01,8.506907999999999248e+00,1.587549399999999977e+01,2.829912399999999906e+01,9.251941999999999666e+00,1.199139599999999994e+01,1.000000000000000000e+00
3.777664000000000044e+01,4.187982000000000227e+01,4.479184000000000054e+01,2.009298300000000026e+01,1.449980999999999938e+02,1.156285100000000021e+01,2.219224699999999828e+01,1.352715100000000064e+02,2.621505000000000152e+01,1.472475099999999948e+01,6.701410300000000042e+00,1.431078699999999948e+01,2.685363999999999862e+01,8.611658000000000257e+00,1.261886999999999937e+01,1.000000000000000000e+00
3.881851199999999835e+01,3.923111000000000104e+01,4.894369999999999976e+01,2.047028500000000051e+01,1.450803799999999910e+02,1.051203300000000063e+01,2.152075800000000072e+01,1.365674899999999923e+02,2.686906799999999862e+01,1.485943999999999932e+01,6.946866499999999611e+00,1.345456500000000055e+01,2.711084699999999970e+01,5.371527999999999636e+00,1.125184699999999971e+01,1.000000000000000000e+00
3.703019299999999703e+01,3.834874700000000303e+01,4.740069199999999938e+01,2.005551499999999976e+01,1.462117499999999950e+02,1.149664800000000042e+01,2.118842499999999873e+01,1.393662300000000016e+02,2.603010599999999997e+01,1.449043799999999926e+01,7.534279999999999866e+00,1.298752299999999948e+01,2.444154199999999832e+01,6.032712000000000074e+00,1.066607499999999931e+01,1.000000000000000000e+00
3.836979300000000137e+01,3.834668400000000332e+01,4.792132000000000147e+01,2.085228499999999840e+01,1.439148399999999981e+02,1.176272100000000087e+01,2.150135399999999919e+01,1.367759200000000135e+02,2.750999600000000100e+01,1.326311300000000060e+01,8.095510499999999610e+00,1.231714249999999922e+01,1.660059499999999844e+01,5.661234399999999667e+00,7.123255699999999635e+00,1.000000000000000000e+00
3.547420999999999935e+01,3.959670299999999799e+01,4.470474600000000009e+01,2.120124200000000059e+01,1.450078599999999938e+02,9.060069999999999624e+00,2.070953000000000088e+01,1.372602100000000007e+02,2.613506100000000032e+01,1.149469299999999983e+01,8.131081000000000003e+00,1.154978000000000016e+01,1.520509099999999947e+01,4.093547000000000047e+00,7.054732999999999699e+00,1.000000000000000000e+00
3.628705000000000069e+01,3.996173000000000286e+01,4.424522799999999734e+01,2.111466400000000121e+01,1.424747500000000002e+02,1.226170499999999919e+01,2.187628700000000137e+01,1.351188999999999965e+02,2.772485199999999850e+01,1.289175400000000060e+01,8.261570999999999998e+00,1.237759400000000021e+01,1.754736700000000127e+01,2.654378200000000021e+00,8.108933999999999642e+00,1.000000000000000000e+00
3.788865299999999792e+01,3.890192799999999806e+01,4.208586499999999830e+01,1.992620499999999950e+01,1.419661700000000053e+02,1.723732199999999892e+01,2.159493300000000104e+01,1.347834200000000067e+02,2.900960500000000053e+01,1.270611000000000068e+01,9.222305000000000419e+00,1.222798200000000080e+01,1.707084800000000158e+01,1.745042900000000063e+00,8.890819999999999723e+00,1.000000000000000000e+00
3.664675499999999886e+01,3.841392499999999899e+01,4.358641399999999777e+01,2.112975700000000145e+01,1.410339199999999948e+02,1.423004500000000050e+01,2.302681000000000111e+01,1.358242199999999968e+02,2.637884999999999991e+01,1.401199300000000036e+01,8.604326000000000363e+00,1.406539700000000082e+01,1.868906799999999890e+01,3.185733799999999949e+00,1.060415300000000016e+01,1.000000000000000000e+00
3.538965199999999811e+01,3.807994500000000215e+01,4.402023299999999750e+01,2.121391300000000157e+01,1.417750399999999900e+02,1.404714399999999941e+01,2.372090999999999994e+01,1.296559399999999869e+02,2.686191699999999827e+01,1.447444400000000009e+01,1.080458499999999944e+01,1.457982600000000062e+01,2.134118499999999941e+01,2.632543000000000077e+00,9.982226999999999961e+00,1.000000000000000000e+00
3.202913999999999817e+01,3.691985999999999990e+01,4.238220199999999949e+01,2.434762399999999971e+01,1.374223299999999881e+02,1.679904700000000162e+01,2.565646600000000177e+01,1.341129200000000026e+02,2.533533999999999864e+01,1.581969600000000042e+01,1.459539799999999943e+01,1.658488499999999988e+01,1.911095800000000011e+01,6.074549000000000198e+00,1.014176699999999975e+01,1.000000000000000000e+00
2.916716999999999871e+01,3.444874200000000286e+01,4.152200299999999800e+01,2.570587300000000042e+01,1.296171899999999937e+02,1.992589999999999861e+01,2.812370999999999910e+01,1.292839199999999948e+02,2.388276499999999913e+01,1.606900999999999868e+01,1.913654100000000113e+01,1.679373599999999911e+01,1.791841499999999954e+01,5.187341700000000166e+00,9.953490000000000393e+00,1.000000000000000000e+00
2.884167700000000067e+01,3.181373800000000074e+01,3.627210199999999674e+01,2.658019600000000082e+01,1.262005800000000022e+02,2.179346500000000120e+01,3.324858499999999850e+01,1.256794799999999981e+02,2.174818000000000140e+01,1.595626599999999939e+01,1.962513399999999919e+01,1.582216550000000055e+01,1.657062300000000121e+01,5.392679700000000409e+00,1.042473000000000027e+01,1.000000000000000000e+00
2.895696999999999832e+01,2.799467500000000086e+01,3.087563899999999961e+01,2.731401400000000024e+01,1.250647699999999958e+02,2.077355400000000074e+01,3.377173599999999709e+01,1.234064699999999988e+02,2.153544000000000125e+01,1.576711599999999969e+01,1.956788299999999836e+01,1.617287400000000019e+01,1.495407900000000012e+01,5.107037000000000049e+00,1.105789299999999997e+01,1.000000000000000000e+00
2.702591699999999975e+01,2.619710200000000100e+01,2.786839000000000155e+01,2.738466299999999976e+01,1.245999000000000052e+02,1.995788800000000052e+01,3.482374999999999687e+01,1.220798400000000044e+02,2.106717099999999832e+01,1.528242400000000067e+01,2.040341799999999850e+01,1.636778999999999940e+01,1.500435449999999982e+01,4.241069300000000375e+00,1.145545199999999930e+01,1.000000000000000000e+00
2.797907999999999973e+01,2.559631500000000059e+01,2.831984299999999877e+01,2.710734599999999972e+01,1.251378799999999956e+02,1.966201600000000127e+01,3.544270000000000209e+01,1.231650159999999943e+02,2.026607999999999876e+01,1.537154600000000038e+01,2.195794700000000077e+01,1.640063699999999969e+01,1.348616099999999918e+01,4.914996000000000365e+00,1.118102999999999980e+01,1.000000000000000000e+00
2.768673899999999932e+01,2.600479100000000088e+01,2.985837400000000130e+01,3.167383799999999994e+01,1.206215200000000038e+02,1.951715000000000089e+01,3.389568700000000234e+01,1.226750700000000052e+02,2.073702000000000112e+01,1.539185799999999915e+01,2.268151500000000098e+01,1.721583700000000050e+01,1.315461799999999926e+01,4.398705999999999783e+00,1.142865300000000062e+01,1.000000000000000000e+00
2.592115599999999986e+01,2.643932200000000066e+01,3.327534500000000151e+01,2.823333200000000076e+01,1.224165339999999986e+02,1.980026600000000059e+01,3.282473800000000352e+01,1.198326950000000011e+02,2.161446000000000112e+01,1.481291500000000028e+01,2.470359600000000100e+01,1.739441300000000012e+01,1.226507900000000006e+01,4.672832999999999792e+00,1.137072700000000047e+01,1.000000000000000000e+00
2.512445599999999857e+01,2.166709900000000033e+01,4.069466800000000006e+01,3.614597299999999791e+01,1.133104699999999951e+02,1.980880499999999955e+01,3.154152699999999854e+01,1.186529299999999978e+02,2.262162999999999968e+01,1.560664200000000079e+01,2.465862999999999872e+01,1.858185800000000043e+01,1.302620600000000017e+01,4.501320399999999999e+00,1.192230400000000046e+01,1.000000000000000000e+00
2.703753899999999888e+01,1.885228700000000046e+01,3.826673999999999864e+01,4.005385199999999912e+01,1.101515399999999971e+02,1.896671999999999869e+01,3.182400700000000171e+01,1.162055600000000055e+02,2.123084800000000172e+01,1.639045499999999933e+01,2.756590699999999927e+01,1.948075100000000148e+01,1.561153000000000013e+01,3.978493499999999905e+00,1.218271400000000071e+01,1.000000000000000000e+00
2.437471199999999882e+01,1.840441500000000019e+01,3.921557599999999866e+01,3.597189300000000145e+01,1.154040999999999997e+02,1.773527999999999949e+01,3.149200199999999938e+01,1.165474799999999931e+02,1.982484200000000030e+01,1.604488800000000026e+01,2.878674699999999831e+01,1.831744199999999978e+01,1.453296399999999977e+01,5.436733199999999933e+00,1.097633699999999912e+01,1.000000000000000000e+00
2.279511000000000109e+01,1.775922600000000173e+01,4.279023999999999717e+01,3.570451700000000272e+01,1.147307739999999967e+02,1.824641199999999941e+01,2.878583700000000078e+01,1.188137049999999988e+02,2.109760500000000150e+01,1.566752400000000023e+01,2.928533200000000036e+01,1.767734700000000103e+01,1.410704400000000014e+01,5.375616599999999856e+00,1.023465249999999926e+01,1.000000000000000000e+00
2.202431999999999945e+01,1.801364299999999830e+01,4.592105999999999710e+01,3.615096700000000141e+01,1.142847100000000040e+02,1.720877600000000029e+01,2.757636799999999866e+01,1.217721200000000010e+02,2.061901999999999902e+01,1.587619899999999973e+01,3.010356700000000174e+01,1.875133699999999948e+01,1.519538099999999936e+01,4.615021999999999736e+00,1.054348399999999941e+01,1.000000000000000000e+00
2.053815799999999925e+01,1.774273499999999970e+01,4.771891999999999712e+01,3.661056500000000113e+01,1.134209299999999985e+02,1.684333200000000019e+01,2.725823199999999957e+01,1.202683200000000028e+02,2.118466000000000093e+01,1.550982600000000033e+01,2.782916300000000120e+01,1.875319000000000003e+01,1.475425700000000084e+01,4.491611999999999938e+00,1.053683000000000014e+01,1.000000000000000000e+00
1.887546999999999997e+01,1.935780499999999904e+01,4.374878700000000009e+01,2.716377599999999859e+01,1.188606400000000036e+02,2.073266800000000032e+01,2.245007000000000019e+01,1.234779050000000069e+02,2.354854999999999876e+01,1.476463000000000036e+01,2.716134800000000027e+01,2.227948200000000156e+01,1.303203099999999992e+01,4.386097999999999608e+00,1.072983999999999938e+01,1.000000000000000000e+00
1.953680999999999912e+01,1.785614400000000046e+01,3.778567499999999768e+01,2.578501299999999929e+01,1.159258600000000001e+02,2.462578600000000151e+01,2.060498400000000174e+01,1.258966099999999955e+02,2.450053399999999826e+01,1.346139699999999984e+01,2.627909000000000006e+01,2.209131999999999962e+01,1.528151899999999941e+01,2.980135999999999896e+00,1.057666900000000076e+01,1.000000000000000000e+00
1.989003999999999905e+01,1.311650000000000027e+01,4.767627699999999891e+01,2.595933000000000135e+01,1.142212999999999994e+02,2.472687700000000177e+01,1.987608499999999978e+01,1.254414139999999946e+02,2.571305999999999869e+01,1.304161099999999962e+01,2.090141900000000064e+01,2.415817600000000098e+01,1.485804800000000014e+01,3.515729700000000069e+00,1.099738400000000027e+01,1.000000000000000000e+00
1.646598399999999884e+01,1.133650399999999969e+01,4.352217499999999717e+01,2.303234700000000146e+01,1.144410000000000025e+02,2.838531000000000049e+01,1.865905800000000170e+01,1.274216160000000002e+02,2.774524900000000116e+01,1.167356099999999941e+01,1.523743799999999915e+01,2.274806399999999940e+01,1.597972200000000065e+01,4.952676300000000253e+00,1.001812800000000081e+01,1.000000000000000000e+00
1.573840900000000076e+01,9.693237999999999133e+00,4.195327000000000339e+01,2.236392199999999875e+01,1.158293400000000020e+02,2.700308000000000064e+01,1.743888700000000114e+01,1.300811199999999985e+02,2.611227999999999838e+01,1.040223300000000073e+01,2.287648799999999838e+01,4.292612499999999898e+01,1.468134700000000059e+01,4.378966000000000136e+00,9.501110000000000610e+00,1.000000000000000000e+00
1.667511700000000019e+01,1.045649399999999929e+01,3.698262400000000127e+01,2.062500599999999906e+01,1.189956600000000009e+02,2.520653499999999880e+01,1.700282299999999935e+01,1.330647299999999973e+02,2.367161799999999872e+01,9.717817999999999401e+00,8.362707000000000335e+00,3.158332400000000106e+01,1.411679200000000023e+01,4.755828400000000400e+00,9.969153999999999627e+00,1.000000000000000000e+00
2.017899299999999840e+01,1.096486299999999936e+01,3.175485000000000113e+01,2.207323999999999842e+01,1.195404999999999944e+02,2.421374000000000137e+01,1.909422500000000156e+01,1.341744099999999946e+02,2.238476199999999849e+01,1.031545299999999976e+01,4.567040499999999725e-01,2.108068700000000106e+01,1.383139899999999933e+01,5.927326700000000059e+00,1.054761000000000060e+01,1.000000000000000000e+00
1.865129900000000163e+01,1.588443849999999991e+01,3.230985299999999683e+01,2.132992199999999983e+01,1.183971499999999963e+02,2.457751299999999972e+01,2.103112799999999893e+01,1.379763599999999997e+02,1.782088999999999857e+01,1.126671799999999912e+01,1.110915800000000075e+01,4.408478000000000208e+01,1.393276799999999938e+01,6.218746000000000329e+00,1.136170000000000080e+01,1.000000000000000000e+00
2.054392800000000108e+01,1.854079799999999878e+01,3.486081699999999728e+01,2.294086599999999976e+01,1.166067500000000052e+02,2.558604800000000168e+01,2.576776500000000070e+01,1.327477900000000091e+02,1.918351600000000090e+01,1.208104999999999940e+01,2.033010300000000115e+01,2.639591199999999915e+01,1.237477999999999945e+01,6.355994700000000108e+00,1.159121099999999949e+01,1.000000000000000000e+00
2.272557000000000116e+01,2.224253500000000017e+01,4.338738599999999934e+01,3.088813599999999937e+01,1.152744450000000001e+02,2.094663399999999953e+01,3.096061100000000010e+01,1.245488200000000063e+02,2.111423999999999879e+01,1.547456550000000064e+01,2.524149900000000102e+01,2.820425600000000088e+01,1.319772999999999996e+01,6.553628400000000020e+00,1.221940700000000035e+01,1.000000000000000000e+00
2.408718299999999957e+01,3.044038799999999867e+01,3.452068700000000234e+01,3.164879799999999932e+01,1.132982099999999974e+02,2.157783699999999882e+01,3.516156800000000260e+01,1.235282700000000062e+02,1.752954499999999882e+01,1.457256199999999957e+01,3.927763000000000204e+01,3.458035000000000281e+01,1.446956999999999915e+01,4.809645699999999913e+00,1.101599900000000076e+01,1.000000000000000000e+00
2.569667600000000007e+01,3.230702200000000346e+01,4.328900999999999755e+01,3.112635600000000125e+01,1.171510300000000058e+02,1.998540500000000009e+01,3.494705199999999934e+01,1.264137800000000027e+02,1.754676600000000164e+01,1.540716650000000065e+01,3.779908999999999963e+01,3.611453000000000202e+01,1.422718399999999939e+01,5.372063999999999950e+00,1.146503000000000050e+01,1.000000000000000000e+00
2.515612199999999987e+01,3.355537799999999748e+01,4.809553999999999974e+01,2.907489800000000102e+01,1.219630049999999954e+02,1.914621199999999845e+01,3.258563999999999794e+01,1.276617700000000042e+02,1.777313600000000093e+01,1.581776400000000038e+01,3.228323999999999927e+01,1.862794999999999845e+01,1.529038199999999925e+01,3.682449800000000106e+00,1.020131600000000027e+01,1.000000000000000000e+00
2.948198100000000110e+01,3.289318999999999704e+01,5.008426999999999651e+01,2.933533299999999855e+01,1.252551040000000029e+02,1.788265200000000021e+01,3.594883999999999702e+01,1.249017259999999965e+02,1.894056300000000093e+01,1.643126000000000175e+01,2.587311599999999956e+01,2.203828599999999938e+01,1.576459700000000019e+01,5.055650700000000164e+00,1.094707000000000008e+01,1.000000000000000000e+00
3.140650000000000119e+01,3.408648000000000167e+01,5.315332399999999780e+01,2.833254399999999862e+01,1.272773099999999999e+02,1.905338300000000018e+01,3.493741200000000191e+01,1.281755799999999965e+02,1.974678799999999868e+01,1.642075200000000024e+01,2.270247799999999927e+01,2.024934400000000068e+01,1.627639200000000130e+01,5.270675999999999917e+00,1.098573599999999928e+01,1.000000000000000000e+00
3.297218000000000160e+01,3.445327799999999741e+01,5.222905699999999740e+01,2.747343000000000046e+01,1.319741199999999992e+02,1.914734599999999887e+01,3.754654000000000025e+01,1.243165500000000065e+02,2.123920999999999992e+01,1.717455999999999960e+01,1.783574000000000126e+01,1.931700000000000017e+01,1.811936599999999942e+01,6.296892599999999618e+00,1.134786000000000072e+01,1.000000000000000000e+00
3.341821300000000150e+01,3.410524399999999901e+01,5.404890999999999934e+01,2.624674200000000113e+01,1.333727100000000121e+02,1.952031300000000158e+01,3.720691300000000012e+01,1.239283599999999979e+02,2.186385200000000140e+01,1.671461299999999994e+01,1.404184700000000063e+01,1.741371499999999983e+01,1.922609699999999933e+01,6.205203499999999650e+00,1.070300399999999996e+01,1.000000000000000000e+00
3.546650300000000300e+01,3.526877199999999846e+01,5.637069999999999936e+01,2.558947600000000122e+01,1.364676000000000045e+02,1.951126999999999967e+01,3.604424000000000206e+01,1.278680300000000045e+02,2.272087900000000005e+01,1.653666000000000125e+01,1.233622500000000066e+01,1.728005999999999887e+01,1.997374200000000144e+01,6.185862000000000194e+00,1.054287199999999913e+01,1.000000000000000000e+00
3.434279599999999988e+01,3.492403000000000191e+01,5.475491699999999895e+01,2.563408300000000040e+01,1.362021200000000078e+02,1.921724999999999994e+01,3.549101000000000283e+01,1.270965099999999950e+02,2.285202599999999862e+01,1.640494999999999948e+01,1.275540299999999938e+01,1.739639899999999884e+01,1.877117300000000100e+01,7.291771400000000014e+00,1.040649600000000063e+01,1.000000000000000000e+00
3.711941999999999808e+01,3.813134999999999764e+01,5.543121299999999962e+01,2.470562400000000025e+01,1.387968600000000094e+02,2.093389700000000175e+01,3.116251000000000104e+01,1.338502799999999979e+02,2.436538699999999835e+01,1.658104499999999959e+01,7.828698000000000157e+00,1.759780500000000103e+01,2.208088499999999854e+01,1.050828399999999974e+01,1.169784800000000047e+01,1.000000000000000000e+00
3.638150000000000261e+01,3.971005999999999858e+01,5.119040300000000343e+01,2.099047499999999999e+01,1.441846500000000049e+02,1.857175000000000153e+01,2.800745799999999974e+01,1.356358199999999954e+02,2.323350500000000096e+01,1.493947700000000012e+01,8.316266999999999854e+00,1.672668499999999980e+01,2.240431799999999996e+01,9.102527999999999508e+00,1.124345600000000012e+01,1.000000000000000000e+00
3.571247999999999934e+01,3.974130600000000157e+01,5.132233999999999696e+01,1.875378600000000162e+01,1.470851299999999924e+02,1.838136099999999828e+01,2.493475000000000108e+01,1.407449200000000076e+02,2.497576499999999911e+01,1.525403599999999926e+01,8.465445499999999512e+00,1.636899800000000127e+01,2.226959000000000088e+01,6.926838400000000284e+00,1.077314800000000083e+01,1.000000000000000000e+00
3.770100000000000051e+01,4.067893999999999721e+01,5.157444399999999973e+01,2.028522299999999845e+01,1.451040600000000040e+02,1.539975549999999949e+01,2.267105499999999907e+01,1.421613999999999862e+02,2.483130799999999994e+01,1.573842499999999944e+01,7.120709999999999873e+00,1.633854900000000043e+01,2.496079599999999843e+01,6.315841700000000003e+00,1.235666800000000087e+01,1.000000000000000000e+00
3.665158000000000271e+01,4.063353299999999990e+01,4.898825000000000074e+01,2.052036500000000174e+01,1.447805500000000052e+02,1.414234000000000080e+01,2.206371100000000141e+01,1.387733900000000062e+02,2.606730299999999900e+01,1.587796499999999966e+01,6.492727799999999938e+00,1.518090499999999921e+01,2.598215899999999934e+01,4.359390999999999572e+00,1.120697400000000066e+01,1.000000000000000000e+00
3.677771400000000313e+01,4.270985000000000298e+01,4.548314299999999832e+01,2.069384799999999913e+01,1.433803599999999960e+02,1.408289399999999958e+01,2.289281700000000086e+01,1.351432000000000073e+02,2.720073700000000017e+01,1.697065699999999921e+01,7.830326999999999593e+00,1.520468499999999956e+01,2.629372199999999893e+01,2.582105199999999989e+00,9.727543999999999969e+00,1.000000000000000000e+00
3.711158799999999758e+01,4.247104300000000165e+01,4.603529999999999944e+01,1.957639299999999949e+01,1.462242300000000057e+02,1.243087899999999912e+01,2.172608599999999868e+01,1.386754500000000121e+02,2.696259999999999835e+01,1.559845600000000054e+01,6.854013000000000133e+00,1.490777500000000089e+01,2.558195900000000123e+01,1.658650600000000086e+00,1.053560300000000005e+01,1.000000000000000000e+00
3.718139599999999945e+01,4.425457999999999714e+01,4.871468999999999738e+01,2.045071400000000139e+01,1.459057200000000023e+02,1.202825600000000072e+01,2.226271799999999956e+01,1.388709100000000092e+02,2.787577599999999833e+01,1.641993700000000089e+01,6.618941300000000361e+00,1.540444600000000008e+01,2.488781699999999830e+01,2.701210999999999807e+00,1.010001899999999964e+01,1.000000000000000000e+00
3.623896400000000284e+01,4.393540200000000340e+01,4.837335600000000113e+01,2.089367000000000019e+01,1.430865300000000104e+02,1.250702000000000069e+01,2.212923800000000085e+01,1.366747100000000046e+02,2.816364000000000090e+01,1.605957000000000079e+01,7.175201999999999636e+00,1.488803099999999979e+01,2.303525399999999834e+01,1.519425500000000095e+00,9.760994000000000170e+00,1.000000000000000000e+00
3.626226400000000183e+01,4.364686199999999872e+01,4.853884999999999650e+01,2.052101700000000051e+01,1.446106100000000083e+02,1.224001600000000067e+01,2.225785600000000031e+01,1.393205900000000099e+02,2.663193700000000064e+01,1.613117599999999996e+01,7.391905000000000392e+00,1.504339799999999983e+01,2.351754199999999884e+01,6.258810999999999680e-01,1.012604900000000008e+01,1.000000000000000000e+00
3.634971000000000174e+01,4.348694199999999910e+01,4.807178499999999843e+01,2.056445499999999882e+01,1.448475599999999872e+02,1.165426199999999923e+01,2.209722700000000017e+01,1.397759599999999978e+02,2.653745299999999929e+01,1.637830399999999997e+01,7.380352499999999871e+00,1.517422900000000041e+01,2.305152700000000010e+01,7.199887000000000370e-01,1.016605000000000025e+01,1.000000000000000000e+00
3.644198200000000298e+01,4.348641200000000140e+01,4.899168399999999934e+01,2.077306199999999947e+01,1.426048000000000116e+02,1.300955699999999915e+01,2.201183699999999988e+01,1.391998900000000106e+02,2.766168000000000049e+01,1.641199500000000100e+01,7.369779000000000302e+00,1.497329299999999996e+01,2.252353899999999953e+01,8.425588000000000521e-01,9.293488500000000485e+00,1.000000000000000000e+00
3.816434000000000282e+01,4.385082599999999786e+01,4.271106300000000289e+01,2.125095999999999918e+01,1.393196700000000021e+02,1.398423599999999922e+01,2.206243299999999863e+01,1.354791400000000010e+02,2.685389100000000084e+01,1.520742100000000008e+01,8.920238499999999959e+00,1.435206200000000010e+01,2.245609999999999928e+01,7.841008000000000422e-01,9.600944500000000659e+00,1.000000000000000000e+00
3.945807599999999837e+01,4.363097400000000192e+01,4.240859199999999873e+01,2.107005900000000054e+01,1.407144000000000119e+02,1.359637900000000066e+01,2.253170599999999979e+01,1.372151800000000037e+02,2.628216400000000164e+01,1.575824300000000022e+01,8.590704999999999814e+00,1.465564700000000009e+01,2.245289199999999852e+01,1.791433199999999948e+00,1.000707799999999992e+01,1.000000000000000000e+00
3.889711400000000197e+01,4.415525399999999934e+01,4.238030200000000036e+01,2.116259000000000157e+01,1.392571100000000115e+02,1.476589199999999913e+01,2.327401499999999857e+01,1.348158699999999897e+02,2.775378200000000106e+01,1.641138300000000072e+01,8.910439999999999472e+00,1.479839600000000033e+01,2.379996699999999876e+01,6.181683500000000331e-01,9.672036999999999551e+00,1.000000000000000000e+00
3.769608300000000156e+01,4.263356799999999680e+01,4.138577300000000037e+01,2.159277300000000110e+01,1.404737199999999859e+02,1.354871200000000009e+01,2.303275500000000164e+01,1.340412599999999941e+02,2.807797199999999904e+01,1.627826299999999904e+01,9.302028999999999215e+00,1.533228800000000014e+01,2.312730200000000025e+01,8.256190399999999707e-01,1.028490200000000065e+01,1.000000000000000000e+00
3.867741999999999791e+01,3.977228000000000208e+01,3.869561999999999813e+01,2.144760700000000142e+01,1.392592199999999991e+02,1.377996500000000069e+01,2.115466999999999942e+01,1.302622000000000071e+02,3.202586999999999762e+01,1.539725699999999975e+01,9.979587999999999681e+00,1.428301100000000012e+01,2.120675699999999964e+01,1.038867500000000055e+00,9.634819999999999496e+00,1.000000000000000000e+00
3.834919000000000011e+01,3.825868599999999731e+01,3.444071000000000282e+01,2.182926600000000050e+01,1.384590499999999906e+02,1.408363100000000045e+01,2.054203800000000157e+01,1.284129299999999887e+02,3.329736700000000127e+01,1.451888699999999943e+01,1.081805499999999931e+01,1.367384400000000078e+01,2.069591499999999940e+01,1.672843800000000103e+00,9.296288499999999289e+00,1.000000000000000000e+00
3.744926000000000244e+01,3.785620000000000118e+01,3.253622000000000014e+01,2.148424500000000137e+01,1.363142699999999934e+02,1.588374899999999990e+01,2.062423100000000176e+01,1.206430900000000008e+02,3.616301299999999941e+01,1.414141000000000048e+01,1.274417500000000025e+01,1.260532599999999981e+01,1.828176300000000154e+01,1.393564699999999990e+00,7.361371499999999735e+00,1.000000000000000000e+00
3.441752199999999817e+01,3.885132200000000324e+01,3.428435499999999791e+01,2.209769199999999856e+01,1.239503700000000066e+02,2.225395599999999874e+01,2.107800699999999949e+01,1.217657849999999939e+02,3.450963600000000042e+01,1.410862700000000025e+01,1.591765400000000064e+01,1.362349299999999985e+01,1.493586299999999945e+01,2.853476999999999819e+00,6.294635000000000424e+00,1.000000000000000000e+00
3.233143599999999651e+01,3.623282199999999875e+01,4.361482199999999665e+01,2.187435699999999983e+01,1.347019200000000012e+02,1.508180499999999924e+01,2.337530900000000145e+01,1.279265999999999934e+02,2.871446999999999861e+01,1.620697200000000038e+01,1.773600599999999972e+01,1.511944100000000013e+01,1.392854499999999973e+01,1.971095199999999936e+00,6.537194699999999692e+00,1.000000000000000000e+00
3.297617999999999938e+01,3.433379000000000048e+01,4.244495400000000274e+01,2.280290199999999956e+01,1.328335899999999867e+02,1.503364499999999992e+01,2.353864499999999893e+01,1.297114699999999914e+02,2.920188999999999879e+01,1.700713500000000167e+01,1.769985399999999842e+01,1.573869499999999988e+01,1.388791400000000031e+01,3.049018400000000018e+00,7.186777000000000193e+00,1.000000000000000000e+00
3.223870000000000147e+01,3.535748300000000199e+01,4.377557999999999794e+01,2.261571500000000157e+01,1.358837000000000046e+02,1.524020900000000012e+01,2.541328599999999938e+01,1.299119000000000028e+02,2.658820000000000050e+01,1.952704200000000156e+01,2.143337400000000059e+01,1.653738799999999998e+01,1.228645999999999994e+01,1.496807999999999916e+00,6.208732600000000268e+00,1.000000000000000000e+00
3.532511000000000223e+01,3.545024999999999693e+01,4.269664399999999915e+01,2.242099999999999937e+01,1.400092999999999961e+02,1.480380399999999952e+01,2.515537799999999891e+01,1.339338400000000036e+02,2.611486999999999981e+01,2.036994599999999878e+01,1.956691700000000012e+01,1.767480899999999977e+01,1.246856999999999971e+01,1.553011499999999989e+00,7.015394699999999872e+00,1.000000000000000000e+00
3.575457399999999808e+01,3.949506000000000228e+01,4.777878599999999665e+01,2.331009999999999849e+01,1.360055000000000121e+02,1.653618200000000016e+01,2.423999200000000087e+01,1.306270000000000095e+02,3.158085799999999921e+01,1.834118799999999894e+01,1.647836699999999865e+01,1.634713599999999900e+01,1.340721399999999974e+01,1.006041799999999986e+00,6.343072000000000266e+00,1.000000000000000000e+00
3.624300399999999911e+01,4.011709199999999953e+01,4.912688399999999689e+01,2.191053199999999990e+01,1.397430099999999982e+02,1.533082199999999951e+01,2.382857100000000017e+01,1.330497000000000014e+02,2.931752399999999881e+01,1.738286199999999937e+01,1.400350000000000072e+01,1.571716600000000064e+01,1.372656800000000032e+01,8.028407699999999814e-01,6.844337000000000337e+00,1.000000000000000000e+00
3.670423999999999864e+01,3.931560000000000343e+01,4.806719600000000270e+01,2.036928400000000039e+01,1.430788599999999917e+02,1.224299049999999944e+01,2.271094499999999883e+01,1.357088799999999935e+02,2.653919600000000045e+01,1.660871500000000012e+01,1.406050399999999989e+01,1.514139400000000002e+01,1.584354800000000019e+01,1.518178100000000086e+00,7.927569400000000321e+00,1.000000000000000000e+00
3.815052000000000021e+01,4.087630000000000052e+01,4.937305500000000080e+01,2.085169399999999840e+01,1.440934300000000121e+02,1.260528799999999983e+01,2.470470800000000011e+01,1.392614399999999932e+02,2.405549600000000154e+01,1.668545699999999954e+01,1.282416199999999940e+01,1.469214249999999922e+01,1.924730900000000133e+01,3.067407100000000053e+00,8.673586000000000240e+00,1.000000000000000000e+00
3.691757599999999684e+01,4.018122000000000327e+01,5.158452199999999976e+01,2.173725500000000110e+01,1.437349000000000103e+02,1.014111800000000052e+01,2.464758899999999997e+01,1.397027899999999931e+02,2.220489699999999900e+01,1.612116800000000083e+01,1.293814899999999923e+01,1.450149599999999950e+01,2.007913399999999982e+01,3.902259799999999945e+00,9.361162999999999457e+00,1.000000000000000000e+00
3.969841399999999965e+01,4.070362999999999687e+01,5.358738000000000312e+01,2.087071999999999861e+01,1.451245000000000118e+02,9.365840999999999639e+00,2.362697800000000115e+01,1.416347499999999968e+02,2.130356199999999944e+01,1.552121499999999976e+01,1.226952799999999932e+01,1.400158399999999936e+01,2.030686599999999942e+01,3.511929499999999926e+00,9.729037999999999187e+00,1.000000000000000000e+00
4.148909400000000147e+01,4.173567599999999800e+01,5.407732000000000028e+01,2.185247999999999990e+01,1.439892700000000048e+02,8.372446000000000055e+00,2.439970599999999834e+01,1.396366999999999905e+02,2.083201800000000148e+01,1.562416799999999917e+01,1.327817300000000067e+01,1.377174800000000054e+01,2.126242600000000138e+01,3.286102500000000148e+00,9.656793999999999656e+00,1.000000000000000000e+00
4.165444999999999709e+01,4.161715000000000231e+01,5.391586999999999819e+01,2.182723999999999975e+01,1.438081400000000087e+02,8.478965999999999781e+00,2.456157299999999921e+01,1.392457699999999932e+02,2.110759499999999989e+01,1.572415200000000013e+01,1.346469399999999972e+01,1.360442800000000041e+01,2.118911999999999907e+01,3.306733599999999829e+00,9.308018999999999821e+00,1.000000000000000000e+00
4.325426000000000215e+01,4.271828500000000162e+01,5.576625400000000354e+01,2.221088400000000007e+01,1.438803599999999960e+02,7.080003999999999742e+00,2.449417700000000053e+01,1.407075299999999913e+02,2.100753200000000120e+01,1.582803799999999939e+01,1.338040100000000088e+01,1.447389599999999987e+01,2.285929099999999892e+01,2.884554399999999852e+00,1.087619300000000067e+01,1.000000000000000000e+00
4.335406499999999852e+01,4.291003800000000012e+01,5.483258000000000010e+01,2.205540999999999840e+01,1.437596000000000060e+02,7.285214400000000090e+00,2.504222899999999896e+01,1.394333200000000090e+02,2.116590100000000163e+01,1.678936200000000056e+01,1.393969200000000086e+01,1.466227899999999984e+01,2.382901400000000081e+01,2.317772199999999838e+00,1.095396200000000064e+01,1.000000000000000000e+00
4.265171000000000134e+01,4.273309700000000078e+01,5.334804499999999905e+01,2.209144200000000069e+01,1.424880400000000122e+02,8.259460000000000690e+00,2.565032799999999824e+01,1.381385699999999872e+02,2.127930500000000080e+01,1.687204200000000043e+01,1.463456500000000027e+01,1.439709399999999917e+01,2.279429199999999867e+01,2.683028199999999863e+00,9.890110999999999208e+00,1.000000000000000000e+00
4.228016300000000172e+01,4.337310999999999694e+01,4.735497000000000156e+01,2.123673399999999845e+01,1.430407099999999900e+02,9.842582000000000164e+00,2.479049099999999939e+01,1.391030399999999929e+02,2.165153700000000114e+01,1.520104700000000086e+01,1.653274700000000053e+01,1.413415999999999961e+01,2.119123599999999996e+01,4.233673600000000370e+00,1.024391400000000019e+01,1.000000000000000000e+00
4.327683300000000344e+01,4.377806000000000353e+01,5.067884000000000100e+01,2.236200699999999841e+01,1.413198999999999899e+02,9.476088999999999984e+00,2.559819200000000095e+01,1.380835700000000088e+02,2.236569199999999924e+01,1.675747900000000001e+01,1.606287000000000020e+01,1.515898499999999949e+01,2.252718700000000140e+01,2.701267200000000201e+00,1.060325800000000029e+01,1.000000000000000000e+00
4.308820300000000003e+01,4.413514299999999935e+01,5.040075999999999823e+01,2.242340499999999892e+01,1.413843999999999994e+02,9.535230000000000317e+00,2.541297700000000148e+01,1.392484399999999880e+02,2.198278600000000083e+01,1.684052000000000149e+01,1.624608800000000031e+01,1.566764799999999980e+01,2.317768500000000031e+01,3.258284000000000180e+00,1.138108300000000028e+01,1.000000000000000000e+00
4.348896799999999985e+01,4.494963500000000067e+01,5.197688999999999737e+01,2.220773300000000106e+01,1.424888200000000040e+02,8.102517999999999887e+00,2.448029899999999870e+01,1.403161200000000122e+02,2.167072299999999885e+01,1.650528500000000065e+01,1.618189200000000127e+01,1.545683000000000007e+01,2.276529000000000025e+01,2.465002999999999833e+00,1.146908400000000050e+01,1.000000000000000000e+00
4.229840000000000089e+01,4.532580000000000098e+01,5.363599399999999662e+01,2.301713600000000071e+01,1.407370600000000138e+02,8.767718999999999596e+00,2.522396300000000124e+01,1.395187999999999988e+02,2.074830199999999891e+01,1.620827099999999987e+01,1.683399400000000057e+01,1.493182099999999934e+01,2.228439099999999939e+01,2.895356699999999783e+00,1.072523799999999916e+01,1.000000000000000000e+00
3.829516600000000182e+01,4.528513000000000233e+01,5.341728599999999716e+01,2.309309199999999862e+01,1.395500499999999988e+02,1.099078100000000013e+01,2.518611100000000036e+01,1.390560000000000116e+02,2.092684200000000061e+01,1.490697399999999995e+01,2.113665999999999912e+01,1.449724499999999949e+01,1.990709899999999877e+01,4.215794599999999726e+00,8.767986000000000502e+00,1.000000000000000000e+00
3.829625000000000057e+01,4.454836000000000240e+01,5.045754600000000067e+01,2.278349899999999906e+01,1.376091999999999871e+02,1.362764549999999986e+01,2.562027000000000143e+01,1.360247799999999927e+02,2.192883099999999885e+01,1.443138599999999983e+01,2.447932199999999980e+01,1.456777300000000075e+01,2.027613300000000152e+01,4.961757999999999669e+00,8.138239999999999696e+00,1.000000000000000000e+00
3.963530999999999693e+01,4.448382000000000147e+01,5.150654999999999717e+01,2.147912399999999877e+01,1.415924699999999916e+02,1.136843799999999938e+01,2.299563399999999902e+01,1.390662399999999934e+02,2.126056700000000177e+01,1.415009399999999928e+01,2.354573999999999856e+01,1.523202200000000062e+01,2.282483900000000077e+01,4.582590999999999859e+00,9.166435999999999140e+00,1.000000000000000000e+00
3.619429800000000341e+01,4.572899600000000220e+01,4.504265199999999680e+01,2.295283099999999976e+01,1.354126400000000103e+02,1.378971899999999984e+01,2.453445800000000077e+01,1.322929800000000000e+02,2.277788500000000127e+01,1.383288100000000043e+01,2.803575000000000017e+01,1.490790400000000027e+01,1.896055000000000135e+01,2.896170000000000133e+00,7.817250999999999728e+00,1.000000000000000000e+00
3.662626600000000110e+01,4.479617700000000013e+01,4.563802299999999690e+01,2.234912100000000024e+01,1.345179300000000069e+02,1.502519700000000036e+01,2.422366999999999848e+01,1.301500499999999931e+02,2.326365300000000147e+01,1.440715499999999949e+01,3.261448299999999989e+01,1.399382699999999957e+01,2.150102599999999953e+01,2.413552300000000095e+00,7.629259600000000141e+00,1.000000000000000000e+00
3.839826599999999956e+01,4.388595999999999719e+01,4.388932799999999901e+01,2.145099799999999846e+01,1.396398800000000051e+02,1.334136699999999998e+01,2.508796299999999846e+01,1.336003100000000074e+02,2.075272400000000061e+01,1.497138400000000047e+01,3.774869499999999789e+01,1.632443999999999917e+01,1.976971400000000045e+01,1.702498300000000020e+00,8.038610999999999507e+00,1.000000000000000000e+00
3.939632399999999990e+01,4.423003800000000041e+01,4.316752999999999929e+01,2.105286800000000014e+01,1.392841200000000015e+02,1.280159500000000072e+01,2.503875199999999879e+01,1.345169400000000053e+02,2.014123999999999981e+01,1.450147899999999979e+01,3.879461299999999824e+01,1.799195100000000025e+01,2.069749300000000147e+01,1.998116599999999909e+00,9.301315999999999917e+00,1.000000000000000000e+00
3.850314000000000192e+01,4.259347999999999956e+01,3.882288400000000195e+01,2.135355399999999904e+01,1.376872899999999902e+02,1.278064000000000000e+01,2.479364400000000046e+01,1.311119500000000073e+02,2.058836399999999855e+01,1.486807600000000029e+01,3.817503399999999658e+01,1.689982799999999941e+01,1.920666999999999902e+01,1.490993999999999930e+00,8.851176000000000599e+00,1.000000000000000000e+00
3.765397600000000011e+01,4.084132799999999719e+01,3.472801199999999966e+01,2.105198899999999895e+01,1.364720199999999863e+02,1.486066499999999913e+01,2.413707399999999836e+01,1.290013999999999896e+02,2.077935599999999994e+01,1.416839000000000048e+01,4.302824999999999989e+01,1.595430799999999927e+01,1.921360599999999863e+01,2.458819599999999994e+00,8.511469999999999203e+00,1.000000000000000000e+00
3.315406999999999726e+01,4.026482000000000028e+01,3.473261999999999716e+01,2.224358600000000052e+01,1.291224799999999959e+02,1.830580900000000000e+01,2.173182299999999856e+01,1.248053199999999947e+02,2.512947499999999934e+01,1.217230200000000018e+01,4.668209999999999837e+01,1.348855299999999957e+01,1.572559799999999974e+01,2.318925899999999984e+00,7.483441000000000010e+00,1.000000000000000000e+00
3.259497999999999962e+01,2.884609400000000079e+01,2.609792500000000004e+01,2.351424400000000148e+01,1.127654299999999949e+02,2.525488999999999962e+01,2.795720899999999887e+01,1.181936599999999942e+02,2.201283000000000101e+01,1.428462900000000069e+01,4.795823699999999690e+01,1.870108799999999860e+01,1.544284799999999969e+01,1.182378600000000057e+00,7.543808000000000291e+00,1.000000000000000000e+00
3.020513499999999851e+01,2.519083600000000089e+01,2.049971000000000032e+01,2.206364299999999901e+01,9.467815400000000636e+01,3.075562299999999993e+01,2.104803499999999872e+01,1.000825600000000009e+02,3.033710299999999904e+01,1.466799450000000071e+01,5.010746000000000322e+01,2.215803100000000114e+01,1.396289900000000017e+01,1.020612099999999911e+00,6.429423299999999841e+00,1.000000000000000000e+00
2.863843500000000120e+01,2.527706699999999884e+01,2.269345900000000071e+01,2.512674499999999966e+01,1.091953599999999938e+02,2.468462399999999946e+01,2.727964800000000167e+01,1.164415999999999940e+02,2.228876299999999944e+01,1.483617199999999947e+01,5.164171600000000240e+01,2.279163199999999989e+01,1.276547300000000007e+01,3.218381400000000170e+00,7.598358000000000168e+00,1.000000000000000000e+00
2.879764399999999824e+01,2.514922500000000127e+01,2.203649499999999861e+01,2.407931100000000058e+01,1.078025800000000061e+02,2.540642499999999870e+01,2.934806400000000082e+01,1.190914899999999932e+02,2.005692900000000023e+01,1.504605600000000010e+01,5.044718000000000302e+01,2.148611000000000004e+01,1.232204499999999925e+01,3.143883199999999878e+00,7.457766499999999965e+00,1.000000000000000000e+00
2.855593899999999863e+01,2.473808899999999866e+01,2.792634400000000028e+01,3.096180700000000030e+01,1.158559500000000071e+02,1.627458800000000139e+01,3.504010399999999947e+01,1.235945739999999944e+02,1.704587700000000083e+01,1.700484300000000104e+01,4.599555000000000149e+01,1.714788599999999974e+01,1.320166200000000067e+01,4.375591799999999587e+00,8.728540999999999883e+00,1.000000000000000000e+00
2.653643599999999836e+01,2.572431399999999968e+01,3.117760699999999829e+01,3.106178299999999837e+01,1.213285800000000023e+02,1.453889799999999966e+01,3.347180999999999784e+01,1.299864000000000033e+02,1.530206000000000088e+01,1.686460699999999946e+01,3.978424499999999853e+01,1.534672899999999984e+01,1.347652399999999950e+01,5.394383000000000372e+00,8.766541999999999391e+00,1.000000000000000000e+00
2.618924300000000116e+01,2.612557199999999824e+01,3.426098999999999961e+01,2.928255499999999856e+01,1.194612050000000067e+02,1.630935500000000005e+01,3.821373700000000184e+01,1.272849899999999934e+02,1.553957699999999953e+01,1.832451000000000008e+01,3.135246300000000019e+01,1.487536799999999992e+01,1.431730699999999956e+01,5.113744699999999810e+00,9.711786999999999281e+00,1.000000000000000000e+00
2.609759700000000038e+01,2.619872300000000109e+01,3.714371500000000026e+01,3.426136999999999944e+01,1.215044900000000041e+02,1.404727500000000084e+01,3.890144999999999698e+01,1.278181600000000060e+02,1.598762600000000056e+01,1.899142499999999956e+01,2.974380000000000024e+01,1.695736300000000085e+01,1.358419600000000038e+01,5.896389499999999728e+00,9.901949000000000112e+00,1.000000000000000000e+00
3.097445700000000102e+01,3.091401300000000063e+01,4.794223800000000324e+01,2.726105700000000098e+01,1.213929399999999958e+02,2.286552199999999857e+01,4.330344000000000193e+01,1.242725899999999939e+02,1.875464799999999954e+01,2.029413200000000117e+01,2.402014000000000138e+01,1.549649600000000049e+01,1.452411099999999955e+01,4.593570999999999849e+00,8.184863000000000000e+00,1.000000000000000000e+00
3.419066200000000322e+01,3.490747000000000355e+01,5.161209000000000202e+01,2.953891600000000039e+01,1.285149700000000053e+02,2.124605000000000032e+01,4.178392999999999802e+01,1.255135300000000029e+02,1.952635799999999833e+01,2.004778500000000108e+01,1.827857399999999899e+01,1.532596700000000034e+01,1.434275500000000036e+01,5.060224500000000347e+00,6.642734500000000430e+00,1.000000000000000000e+00
3.791201000000000221e+01,3.728887999999999892e+01,5.663566000000000145e+01,2.992757399999999990e+01,1.344113600000000019e+02,2.582151599999999902e+01,3.623791500000000099e+01,1.260953700000000026e+02,2.134442699999999959e+01,1.798059999999999903e+01,1.477638149999999939e+01,1.671829400000000021e+01,1.867106199999999916e+01,5.638700499999999671e+00,8.171533000000000158e+00,1.000000000000000000e+00
3.769060499999999791e+01,3.807294499999999715e+01,5.849619700000000222e+01,3.100877399999999895e+01,1.348279599999999903e+02,2.750934600000000074e+01,3.696844000000000108e+01,1.253923999999999950e+02,2.048614099999999993e+01,1.789160299999999992e+01,1.313753499999999974e+01,1.625681300000000107e+01,2.016217599999999877e+01,5.343775700000000128e+00,9.361214000000000368e+00,1.000000000000000000e+00
3.537416000000000338e+01,3.762073999999999785e+01,5.524452999999999747e+01,2.936568499999999915e+01,1.345826900000000137e+02,2.495285200000000003e+01,3.655678000000000338e+01,1.245943999999999932e+02,2.009740599999999944e+01,1.701666499999999971e+01,1.318792799999999943e+01,1.521416900000000005e+01,1.833126599999999939e+01,5.748236699999999644e+00,8.284710000000000463e+00,1.000000000000000000e+00
3.663864499999999680e+01,3.728412200000000354e+01,5.581865700000000174e+01,2.904905700000000124e+01,1.329915599999999927e+02,2.608031799999999834e+01,3.612357300000000038e+01,1.253471799999999945e+02,2.341743900000000167e+01,1.787106299999999948e+01,1.308070000000000022e+01,1.595935200000000087e+01,1.826905999999999963e+01,6.111448000000000214e+00,7.688175700000000390e+00,1.000000000000000000e+00
3.485257000000000005e+01,3.807583199999999835e+01,5.356700000000000017e+01,2.641721000000000075e+01,1.359506700000000023e+02,2.363038799999999995e+01,3.626995000000000147e+01,1.237354349999999954e+02,2.186624700000000132e+01,1.703376199999999940e+01,1.249061500000000002e+01,1.503326200000000057e+01,1.791228100000000012e+01,6.999735399999999608e+00,7.709094499999999961e+00,1.000000000000000000e+00
3.575202600000000075e+01,3.758149000000000228e+01,5.168919000000000352e+01,2.716584599999999838e+01,1.329457600000000070e+02,2.345619200000000149e+01,3.516693000000000069e+01,1.239930700000000030e+02,2.396077700000000021e+01,1.700759100000000146e+01,1.284100199999999958e+01,1.489463499999999918e+01,1.757255599999999873e+01,6.889135399999999798e+00,7.274258599999999575e+00,1.000000000000000000e+00
3.542693700000000234e+01,3.842270299999999850e+01,5.124300800000000322e+01,2.701844399999999879e+01,1.349081899999999905e+02,2.460343599999999853e+01,3.407710600000000056e+01,1.271320900000000051e+02,2.481597700000000017e+01,1.797665599999999841e+01,1.256148600000000037e+01,1.597386299999999970e+01,1.852636100000000141e+01,8.115728999999999971e+00,7.235032000000000352e+00,1.000000000000000000e+00
3.425717000000000212e+01,3.826971999999999952e+01,4.930550399999999911e+01,2.681879599999999897e+01,1.361300200000000018e+02,2.340675699999999892e+01,3.587891799999999876e+01,1.252028200000000027e+02,2.240493800000000135e+01,1.695921699999999888e+01,1.208798700000000004e+01,1.464050499999999921e+01,1.856066300000000169e+01,7.296853999999999729e+00,7.678887999999999714e+00,1.000000000000000000e+00
3.490434599999999676e+01,3.872090500000000191e+01,4.984134999999999849e+01,2.692187099999999944e+01,1.360043000000000006e+02,2.397490300000000119e+01,3.562447399999999931e+01,1.255420199999999937e+02,2.433502199999999860e+01,1.781515999999999877e+01,1.210747800000000041e+01,1.582585599999999992e+01,1.963661000000000101e+01,7.697358999999999618e+00,7.895766300000000015e+00,1.000000000000000000e+00
3.473238400000000325e+01,3.889885999999999910e+01,4.980223999999999762e+01,2.700520300000000162e+01,1.376238999999999919e+02,2.402789900000000145e+01,3.456971000000000060e+01,1.252440600000000046e+02,2.251072999999999880e+01,1.709633799999999937e+01,1.245946600000000082e+01,1.523572099999999985e+01,2.023628799999999828e+01,7.943510500000000363e+00,8.334616000000000469e+00,1.000000000000000000e+00
3.499565499999999929e+01,3.992495300000000213e+01,4.953144999999999953e+01,2.641142500000000126e+01,1.377436700000000087e+02,2.218825500000000162e+01,3.465941000000000116e+01,1.254813460000000021e+02,2.176039099999999848e+01,1.700197800000000115e+01,1.207427900000000065e+01,1.519193600000000011e+01,1.992924999999999969e+01,8.080821999999999505e+00,8.339892000000000749e+00,1.000000000000000000e+00
3.513727599999999995e+01,3.766310000000000002e+01,4.884861999999999682e+01,2.560996799999999851e+01,1.374163399999999911e+02,2.143298100000000161e+01,3.526252000000000209e+01,1.238731159999999960e+02,2.110585199999999872e+01,1.719404600000000016e+01,1.224479099999999931e+01,1.474896900000000066e+01,2.026533099999999976e+01,7.715270000000000294e+00,8.096790000000000376e+00,1.000000000000000000e+00
3.375121299999999991e+01,3.660447700000000282e+01,4.764369200000000149e+01,2.239861700000000155e+01,1.401996599999999944e+02,1.828258699999999948e+01,3.182549300000000159e+01,1.260009900000000016e+02,2.319041999999999959e+01,1.657152699999999967e+01,1.249119899999999994e+01,1.411264800000000008e+01,1.973351299999999853e+01,7.341673400000000349e+00,6.933644000000000140e+00,1.000000000000000000e+00
3.539164999999999850e+01,3.496446199999999749e+01,4.820255300000000176e+01,2.316925200000000018e+01,1.370004299999999944e+02,1.924259599999999892e+01,3.045477100000000092e+01,1.270181999999999931e+02,2.529599199999999826e+01,1.660529700000000020e+01,1.251641799999999982e+01,1.467342900000000050e+01,1.688943499999999887e+01,8.082784999999999442e+00,6.719617000000000395e+00,1.000000000000000000e+00
3.669485499999999689e+01,3.539971500000000049e+01,5.093627000000000038e+01,2.293604500000000002e+01,1.376798200000000065e+02,1.839521600000000134e+01,3.164140300000000039e+01,1.265915760000000034e+02,2.455715999999999966e+01,1.719614599999999882e+01,1.098192099999999982e+01,1.451156100000000038e+01,1.716484300000000118e+01,8.599983999999999185e+00,6.963318300000000072e+00,1.000000000000000000e+00
3.631020699999999835e+01,3.677863700000000335e+01,5.053237000000000023e+01,2.374694999999999823e+01,1.347150000000000034e+02,1.675287399999999849e+01,3.017114000000000118e+01,1.265802099999999939e+02,2.516094199999999859e+01,1.561887549999999969e+01,1.090526999999999980e+01,1.344080399999999997e+01,1.135345200000000077e+01,3.165272499999999933e+00,6.516009300000000337e+00,1.000000000000000000e+00
3.799006299999999925e+01,3.900227699999999942e+01,5.289355499999999921e+01,2.476275800000000160e+01,1.341199300000000108e+02,1.923547200000000146e+01,2.853005800000000036e+01,1.282383100000000127e+02,2.692415400000000147e+01,1.572794200000000053e+01,1.022227900000000034e+01,1.370126800000000067e+01,1.095901500000000084e+01,1.858143300000000053e+00,6.452632399999999713e+00,1.000000000000000000e+00
3.925869399999999843e+01,3.800377300000000247e+01,5.288765000000000072e+01,2.605557800000000057e+01,1.330389600000000030e+02,1.825490599999999830e+01,2.833445700000000045e+01,1.245663399999999967e+02,2.967069000000000045e+01,1.527830699999999986e+01,1.238098100000000024e+01,1.355151599999999945e+01,9.106185999999999225e+00,5.978571000000000302e-01,5.603976199999999963e+00,1.000000000000000000e+00
4.141647300000000342e+01,3.755688500000000118e+01,5.385867300000000313e+01,2.661757000000000062e+01,1.336104300000000080e+02,2.035054399999999930e+01,2.778042400000000001e+01,1.254342299999999994e+02,3.138473000000000113e+01,1.515790699999999980e+01,1.327199899999999921e+01,1.349484349999999999e+01,7.411338999999999899e+00,2.428926000000000140e+00,4.886923000000000350e+00,1.000000000000000000e+00
4.141566499999999706e+01,3.651626199999999756e+01,5.311487199999999831e+01,3.002025400000000133e+01,1.304613300000000038e+02,1.613012700000000166e+01,2.973540699999999859e+01,1.242419100000000043e+02,3.001224300000000156e+01,1.620414399999999944e+01,1.619078400000000073e+01,1.381805699999999959e+01,5.631035299999999744e+00,3.726195600000000052e+00,3.616313700000000075e+00,1.000000000000000000e+00
4.134241000000000099e+01,3.738070700000000102e+01,5.180673000000000172e+01,3.203649999999999665e+01,1.273777850000000029e+02,1.490720300000000087e+01,3.040067300000000117e+01,1.249282999999999930e+02,2.908372900000000172e+01,1.598541999999999952e+01,1.896054000000000173e+01,1.360692200000000085e+01,4.313291000000000430e+00,5.574955499999999731e+00,3.864812899999999996e+00,1.000000000000000000e+00
4.280048000000000030e+01,3.579245999999999839e+01,4.631694799999999645e+01,3.261829399999999879e+01,1.287772999999999968e+02,1.507276799999999994e+01,2.998577699999999879e+01,1.276820400000000006e+02,2.897794000000000025e+01,1.598754399999999976e+01,1.901466999999999885e+01,1.305434699999999992e+01,5.537303999999999782e+00,6.188020999999999994e+00,2.601715299999999953e+00,1.000000000000000000e+00
4.036661500000000302e+01,3.900544000000000011e+01,4.313558600000000354e+01,3.106938200000000094e+01,1.281181300000000078e+02,1.469387700000000052e+01,2.891355000000000075e+01,1.237151300000000020e+02,2.809480999999999895e+01,1.398996449999999925e+01,2.032241399999999842e+01,1.223546100000000081e+01,5.140951000000000271e+00,5.469763000000000375e+00,2.536490199999999806e+00,1.000000000000000000e+00
3.893198000000000292e+01,3.871629300000000029e+01,4.464925000000000210e+01,2.997444499999999934e+01,1.285092500000000086e+02,1.655385800000000174e+01,2.913579199999999858e+01,1.214262540000000001e+02,3.074472600000000000e+01,1.401074299999999972e+01,1.921252000000000137e+01,1.226429000000000080e+01,5.148583399999999699e+00,5.441925499999999971e+00,2.645044599999999857e+00,1.000000000000000000e+00
4.209789700000000323e+01,3.588391500000000178e+01,4.258023500000000183e+01,2.806884000000000157e+01,1.332103899999999896e+02,1.605252499999999927e+01,2.819563899999999990e+01,1.270343299999999971e+02,3.138136899999999940e+01,1.402268199999999965e+01,1.910316800000000015e+01,1.251040500000000044e+01,1.168576000000000015e+01,6.393230400000000202e+00,3.981555199999999850e+00,1.000000000000000000e+00
3.894357300000000066e+01,3.604592999999999847e+01,4.051062399999999997e+01,2.846564499999999853e+01,1.309204400000000135e+02,1.628083399999999870e+01,2.737971999999999895e+01,1.260758359999999954e+02,3.187437399999999954e+01,1.242694700000000019e+01,1.860618399999999895e+01,1.179338549999999941e+01,1.205283400000000071e+01,6.690386300000000119e+00,3.942946399999999851e+00,1.000000000000000000e+00
3.996745299999999901e+01,3.436460000000000292e+01,4.005039599999999922e+01,2.810309799999999925e+01,1.319961500000000001e+02,1.665879999999999939e+01,2.806196999999999875e+01,1.294306799999999953e+02,2.739177000000000106e+01,1.221046699999999952e+01,1.893679799999999958e+01,1.119975099999999912e+01,5.380147499999999638e+00,5.892083600000000310e+00,2.089866199999999896e+00,1.000000000000000000e+00
3.900521499999999975e+01,3.678242000000000189e+01,4.205223500000000314e+01,2.748895500000000069e+01,1.321957400000000007e+02,1.655254599999999954e+01,3.006996300000000133e+01,1.266701900000000052e+02,2.632627499999999898e+01,1.387770000000000081e+01,1.822020499999999998e+01,1.253076599999999985e+01,1.438589300000000071e+00,4.260398000000000351e+00,3.819661400000000206e+00,1.000000000000000000e+00
3.884013999999999811e+01,3.648881500000000244e+01,4.437832600000000127e+01,3.003646699999999825e+01,1.321476600000000019e+02,1.366246100000000041e+01,3.071926699999999855e+01,1.237055739999999986e+02,2.474238199999999921e+01,1.555252899999999983e+01,1.365586200000000083e+01,1.170564700000000080e+01,6.172025999999999790e+00,7.940562399999999688e-01,5.146426700000000132e+00,1.000000000000000000e+00
4.008203499999999764e+01,3.594689600000000240e+01,4.826338599999999701e+01,2.632634699999999839e+01,1.370897699999999872e+02,1.452201999999999948e+01,2.849564200000000014e+01,1.288583800000000110e+02,2.339682799999999929e+01,1.589092349999999954e+01,1.408949100000000065e+01,1.290561499999999917e+01,1.282970000000000077e+01,1.273592000000000057e+00,6.523524300000000054e+00,1.000000000000000000e+00
3.810745000000000005e+01,3.676450700000000182e+01,4.746997499999999803e+01,2.826631199999999922e+01,1.373117799999999988e+02,1.847551999999999950e+01,3.332334000000000174e+01,1.306752299999999991e+02,2.506768999999999892e+01,1.760465400000000002e+01,1.212710099999999969e+01,1.417464900000000050e+01,1.390816300000000005e+01,1.401512000000000091e+00,8.136091999999999658e+00,1.000000000000000000e+00
3.533985500000000002e+01,3.633407600000000315e+01,5.123411999999999722e+01,2.646996899999999897e+01,1.383447600000000079e+02,2.178474200000000138e+01,3.609969300000000203e+01,1.276094700000000017e+02,2.775076899999999824e+01,1.943526299999999907e+01,1.150660500000000042e+01,1.633413300000000135e+01,1.761905499999999947e+01,4.968614999999999782e+00,7.673999000000000237e+00,1.000000000000000000e+00
3.633333999999999975e+01,3.481992699999999985e+01,4.938129800000000103e+01,2.562845400000000140e+01,1.389604999999999961e+02,2.182727200000000067e+01,3.497444000000000131e+01,1.276398999999999972e+02,2.459954799999999864e+01,1.744823299999999833e+01,1.373387400000000014e+01,1.556005599999999944e+01,2.163016700000000014e+01,4.960734999999999673e+00,7.747285399999999989e+00,1.000000000000000000e+00
3.210544000000000153e+01,3.481269000000000347e+01,4.689079000000000264e+01,2.676827799999999868e+01,1.365605500000000063e+02,2.227501699999999829e+01,3.494275700000000029e+01,1.260057099999999934e+02,2.505245400000000089e+01,1.672838000000000136e+01,1.364133600000000079e+01,1.537862499999999955e+01,2.247904000000000124e+01,5.507274599999999687e+00,8.355097000000000662e+00,1.000000000000000000e+00
3.280964999999999776e+01,3.385204300000000188e+01,4.752935000000000088e+01,2.882591599999999943e+01,1.327981699999999989e+02,2.365980100000000164e+01,3.329598000000000013e+01,1.243152099999999933e+02,2.313315000000000055e+01,1.640962800000000144e+01,1.304310300000000034e+01,1.509085299999999918e+01,2.266193000000000168e+01,8.434737000000000151e+00,8.394666000000000849e+00,1.000000000000000000e+00
3.229294999999999760e+01,3.469798699999999769e+01,4.590413699999999864e+01,3.101926800000000028e+01,1.285475299999999947e+02,2.379885300000000115e+01,3.549497600000000119e+01,1.229523300000000035e+02,2.136921900000000107e+01,1.614866800000000069e+01,1.233136700000000019e+01,1.442586799999999947e+01,2.199105600000000038e+01,7.093857999999999997e+00,8.496354999999999436e+00,1.000000000000000000e+00
3.199281500000000023e+01,3.589656399999999792e+01,4.354406399999999877e+01,2.795408799999999871e+01,1.281971699999999998e+02,2.324527199999999993e+01,3.744508400000000137e+01,1.197695159999999959e+02,2.041211699999999851e+01,1.584400300000000072e+01,1.329748700000000028e+01,1.362400799999999990e+01,2.247732200000000091e+01,6.381831599999999938e+00,8.056174000000000390e+00,1.000000000000000000e+00
3.303517000000000081e+01,3.558297000000000310e+01,4.310475499999999727e+01,2.902048500000000075e+01,1.269001999999999981e+02,2.517682800000000043e+01,3.604895400000000194e+01,1.189382099999999980e+02,2.123216999999999999e+01,1.545970299999999931e+01,1.219460300000000075e+01,1.357846450000000083e+01,2.350222399999999823e+01,5.576390299999999911e+00,8.922705000000000553e+00,1.000000000000000000e+00
3.186920200000000136e+01,3.432536699999999996e+01,4.534370799999999946e+01,2.932909000000000077e+01,1.201434899999999999e+02,2.579450599999999838e+01,3.182974600000000009e+01,1.151583559999999977e+02,2.483165599999999884e+01,1.457385000000000019e+01,1.198711100000000052e+01,1.218989400000000067e+01,2.274398199999999903e+01,4.687955399999999884e+00,8.374337999999999838e+00,1.000000000000000000e+00
3.360844999999999771e+01,3.534895300000000162e+01,4.530156000000000205e+01,2.846163599999999860e+01,1.248699000000000012e+02,2.631021099999999890e+01,3.437373999999999796e+01,1.191439900000000023e+02,2.256018299999999854e+01,1.501503399999999999e+01,1.229406900000000036e+01,1.383008599999999966e+01,2.273011400000000037e+01,4.949850999999999779e+00,8.608373999999999526e+00,1.000000000000000000e+00
3.326140000000000185e+01,3.481100500000000153e+01,4.424112000000000222e+01,2.928020499999999871e+01,1.189685300000000012e+02,2.621795300000000140e+01,3.373796500000000265e+01,1.154927399999999977e+02,2.160354200000000091e+01,1.424476100000000045e+01,1.176834599999999931e+01,1.271029200000000081e+01,2.111621900000000096e+01,3.818443999999999949e+00,8.955185999999999424e+00,1.000000000000000000e+00
3.264435999999999893e+01,3.594552000000000191e+01,4.501434299999999666e+01,2.767041400000000095e+01,1.236938399999999945e+02,2.396607200000000049e+01,3.365064999999999884e+01,1.205490400000000051e+02,1.835432000000000130e+01,1.379732199999999942e+01,1.320329899999999945e+01,1.268147850000000076e+01,1.933171799999999863e+01,4.960572199999999654e+00,8.071122000000000796e+00,1.000000000000000000e+00
3.272415500000000321e+01,3.569392400000000265e+01,4.835698299999999961e+01,3.008489799999999903e+01,1.241682899999999989e+02,2.533600799999999964e+01,3.551653000000000304e+01,1.204033000000000015e+02,1.856077799999999911e+01,1.431760099999999980e+01,1.328587199999999946e+01,1.385767650000000017e+01,2.256902699999999840e+01,3.021710000000000118e+00,9.821142999999999290e+00,1.000000000000000000e+00
3.292311500000000279e+01,3.754257199999999983e+01,4.581010400000000260e+01,2.913949600000000117e+01,1.250217800000000068e+02,2.408350000000000080e+01,3.367939799999999906e+01,1.187376200000000068e+02,1.946761499999999856e+01,1.418936099999999989e+01,1.270974499999999985e+01,1.342155600000000071e+01,2.330905500000000075e+01,3.656065499999999968e+00,9.730385000000000062e+00,1.000000000000000000e+00
3.386341000000000179e+01,3.718992200000000281e+01,4.775668999999999897e+01,3.012188099999999835e+01,1.238382950000000022e+02,2.526390999999999920e+01,3.186569000000000074e+01,1.179240300000000019e+02,2.115286400000000100e+01,1.367281149999999990e+01,1.129098800000000047e+01,1.296466350000000034e+01,2.286895799999999923e+01,3.057423800000000025e+00,9.851779999999999760e+00,1.000000000000000000e+00
3.311340299999999814e+01,3.811055000000000348e+01,4.866550399999999854e+01,2.937565199999999876e+01,1.222060850000000016e+02,2.462290000000000134e+01,2.780476200000000020e+01,1.124592600000000004e+02,2.252447300000000041e+01,1.307453899999999969e+01,9.456678999999999391e+00,1.216873700000000014e+01,2.255673399999999873e+01,2.634828800000000193e+00,9.968944999999999723e+00,1.000000000000000000e+00
3.243158999999999992e+01,3.852138500000000221e+01,4.872547500000000298e+01,2.983922000000000097e+01,1.199047000000000054e+02,2.542393699999999868e+01,2.278759600000000063e+01,9.444115999999999644e+01,3.302585200000000043e+01,1.244204299999999996e+01,8.158162000000000802e+00,1.076751400000000025e+01,2.027160599999999846e+01,3.755464299999999866e+00,9.038126000000000104e+00,1.000000000000000000e+00
3.359113700000000335e+01,3.746835300000000046e+01,4.962093699999999785e+01,3.033002000000000109e+01,1.195016300000000058e+02,2.577789100000000033e+01,2.231296700000000044e+01,9.419427500000000464e+01,4.580652599999999808e+01,1.253808700000000087e+01,6.852802299999999569e+00,1.044781500000000030e+01,1.972758299999999920e+01,4.413694399999999796e+00,8.477330999999999506e+00,1.000000000000000000e+00
3.354092800000000096e+01,3.868468000000000018e+01,4.891534399999999749e+01,3.090522400000000047e+01,1.076631900000000002e+02,2.851709599999999867e+01,8.709346999999999284e+00,7.634607299999999874e+00,8.765121999999999858e+00,9.652435000000000542e+00,5.220574000000000048e+00,5.069508599999999809e+00,1.657678200000000146e+01,4.210972299999999890e+00,3.833443599999999840e+00,1.000000000000000000e+00
3.472667299999999813e+01,3.812901999999999703e+01,5.140582299999999805e+01,3.017683399999999949e+01,1.171149300000000011e+02,2.664957800000000177e+01,1.600009500000000173e+01,4.164455999999999847e+01,4.293363999999999692e+01,1.203070450000000058e+01,6.777845000000000120e+00,8.479108999999999341e+00,1.945777999999999963e+01,5.699338000000000015e+00,6.563276000000000110e+00,1.000000000000000000e+00
3.414924599999999799e+01,3.822563000000000244e+01,5.131716999999999729e+01,3.133119999999999905e+01,1.053948699999999974e+02,2.983232299999999881e+01,8.155036000000000840e+00,6.137341000000000157e+00,8.214788999999999675e+00,9.248205000000000453e+00,4.829235999999999862e+00,5.241264300000000098e+00,1.714184399999999897e+01,4.400767300000000048e+00,3.930636999999999937e+00,1.000000000000000000e+00
3.518016999999999683e+01,3.757552299999999690e+01,5.193860999999999706e+01,2.991038100000000099e+01,1.210072559999999982e+02,2.692032400000000081e+01,2.368187700000000007e+01,9.584197000000000344e+01,6.949687000000000126e+01,1.358144199999999913e+01,6.331962599999999775e+00,1.143057499999999926e+01,2.078366700000000122e+01,6.714260600000000245e+00,9.098307999999999396e+00,1.000000000000000000e+00
3.414950000000000330e+01,3.809411000000000058e+01,5.055854000000000070e+01,2.938454000000000121e+01,1.148150200000000041e+02,2.684354799999999841e+01,1.089954400000000057e+01,1.569595400000000041e+01,1.892128200000000149e+01,1.030468499999999921e+01,6.197468800000000222e+00,6.912175699999999701e+00,1.838823299999999961e+01,4.072748999999999953e+00,5.403135999999999939e+00,1.000000000000000000e+00
3.430142599999999931e+01,3.810583499999999901e+01,5.060017799999999966e+01,3.049696000000000140e+01,1.193963240000000070e+02,2.664893500000000159e+01,2.334448400000000134e+01,9.322172500000000639e+01,6.586118000000000450e+01,1.288942399999999999e+01,5.800638700000000370e+00,1.131456850000000003e+01,1.940726899999999944e+01,5.612695000000000434e+00,8.679795000000000371e+00,1.000000000000000000e+00
3.407502000000000209e+01,3.890214999999999890e+01,5.188194000000000017e+01,2.858473000000000042e+01,1.177238540000000029e+02,2.628115499999999827e+01,1.122007100000000079e+01,1.760127599999999859e+01,2.180499599999999916e+01,1.014050499999999921e+01,6.519962999999999731e+00,7.184861699999999907e+00,1.894404799999999867e+01,3.889019300000000179e+00,5.460326000000000235e+00,1.000000000000000000e+00
3.617382400000000331e+01,3.733759299999999826e+01,5.092646400000000284e+01,2.974162899999999965e+01,1.244926700000000039e+02,2.742825500000000005e+01,2.790754899999999950e+01,1.125698900000000009e+02,3.028619199999999978e+01,1.371517200000000081e+01,7.339398000000000089e+00,1.297660199999999975e+01,2.137129799999999946e+01,4.974206999999999823e+00,9.842651999999999290e+00,1.000000000000000000e+00
3.552181999999999817e+01,3.775713700000000017e+01,5.002644000000000091e+01,3.014602899999999863e+01,1.230332800000000049e+02,2.581283600000000078e+01,2.640912600000000054e+01,1.081741399999999942e+02,2.956730999999999909e+01,1.315697100000000042e+01,7.675202399999999869e+00,1.239543899999999965e+01,2.114781599999999884e+01,4.965455999999999648e+00,9.941998999999999143e+00,1.000000000000000000e+00
3.574313399999999774e+01,3.668431499999999801e+01,5.064773999999999887e+01,3.027011099999999999e+01,1.271070399999999978e+02,2.701506200000000035e+01,3.242204300000000217e+01,1.169267099999999999e+02,1.963212000000000046e+01,1.488343500000000041e+01,7.938805000000000334e+00,1.453960400000000064e+01,2.183683800000000019e+01,6.125715699999999764e+00,1.053480150000000037e+01,1.000000000000000000e+00
3.538583799999999968e+01,3.682302500000000123e+01,4.831522999999999968e+01,2.964478099999999827e+01,1.268732449999999972e+02,2.593266300000000157e+01,3.152253200000000177e+01,1.164834060000000022e+02,1.960219000000000023e+01,1.393118199999999973e+01,8.010694000000000869e+00,1.376661099999999927e+01,2.078008799999999923e+01,6.234890000000000043e+00,9.954318000000000666e+00,1.000000000000000000e+00
3.537551500000000004e+01,3.644219999999999970e+01,4.955245000000000033e+01,2.981034899999999865e+01,1.281816100000000063e+02,2.554733799999999988e+01,3.312467600000000090e+01,1.185014800000000008e+02,1.907311400000000035e+01,1.504813000000000045e+01,8.211589999999999279e+00,1.500404299999999935e+01,2.133311000000000135e+01,6.545954000000000050e+00,1.075979399999999941e+01,1.000000000000000000e+00
3.448192199999999730e+01,3.660790599999999984e+01,4.816694999999999993e+01,2.999866099999999847e+01,1.270125100000000060e+02,2.568832599999999999e+01,3.258947799999999972e+01,1.154935799999999944e+02,1.997490300000000119e+01,1.470980999999999916e+01,7.710715300000000383e+00,1.444716900000000059e+01,2.076170300000000069e+01,6.426457000000000086e+00,1.042050700000000063e+01,1.000000000000000000e+00
3.485587699999999955e+01,3.663597000000000037e+01,4.938123699999999872e+01,2.926203500000000091e+01,1.298758100000000013e+02,2.639767000000000152e+01,3.166890300000000025e+01,1.194811499999999995e+02,2.022393999999999892e+01,1.475808100000000067e+01,8.831685999999999481e+00,1.461853499999999961e+01,2.043466400000000149e+01,6.922365000000000101e+00,9.623195000000000832e+00,1.000000000000000000e+00
3.471780400000000100e+01,3.597556699999999807e+01,4.876608999999999838e+01,2.971312299999999951e+01,1.299008000000000038e+02,2.615182899999999933e+01,3.239633599999999802e+01,1.192777899999999960e+02,1.926951999999999998e+01,1.466706699999999941e+01,8.708945999999999188e+00,1.464524650000000072e+01,2.007725100000000040e+01,6.718887999999999749e+00,9.716288999999999731e+00,1.000000000000000000e+00
3.487072799999999972e+01,3.618793500000000307e+01,4.854834999999999923e+01,3.011561999999999983e+01,1.305655399999999986e+02,2.646285200000000160e+01,3.313655500000000131e+01,1.194010399999999947e+02,1.980855800000000144e+01,1.523991099999999932e+01,9.746757499999999297e+00,1.485345000000000049e+01,2.161414500000000061e+01,5.063419999999999810e+00,1.027470899999999965e+01,1.000000000000000000e+00
3.163733500000000021e+01,3.770644999999999669e+01,4.946123999999999654e+01,3.145680000000000121e+01,1.242061539999999979e+02,2.651842299999999852e+01,3.261478799999999723e+01,1.139369700000000023e+02,2.384614600000000095e+01,1.434685699999999997e+01,9.659250999999999365e+00,1.379610599999999998e+01,2.018429199999999923e+01,3.532131999999999827e+00,9.129103000000000634e+00,1.000000000000000000e+00
3.262833799999999940e+01,4.006181300000000078e+01,4.958673999999999893e+01,2.763956599999999852e+01,1.319501600000000110e+02,2.412652599999999836e+01,3.154179399999999944e+01,1.235289149999999978e+02,2.735280200000000050e+01,1.459756999999999927e+01,9.201720999999999151e+00,1.401884100000000011e+01,1.962018600000000035e+01,4.443915399999999849e+00,8.691152999999999906e+00,1.000000000000000000e+00
3.225905999999999807e+01,4.164030999999999949e+01,4.782198000000000349e+01,2.410424799999999834e+01,1.325151400000000024e+02,2.193594999999999828e+01,2.873321699999999979e+01,1.229240999999999957e+02,2.364505199999999974e+01,1.289170900000000053e+01,1.109661499999999990e+01,1.273183500000000024e+01,1.729195599999999899e+01,3.589185699999999812e+00,7.005060699999999585e+00,1.000000000000000000e+00
2.722477699999999956e+01,4.218103800000000092e+01,4.815868799999999794e+01,2.706133700000000175e+01,1.208370699999999971e+02,1.821171599999999913e+01,2.901208099999999845e+01,1.178606999999999942e+02,2.544930599999999998e+01,1.246212700000000062e+01,5.107108000000000203e+00,1.037264300000000006e+01,1.883421299999999832e+01,4.705719000000000207e+00,5.924566999999999695e+00,1.000000000000000000e+00
2.949412699999999887e+01,2.468591899999999839e+01,2.581700999999999979e+01,2.791514600000000002e+01,1.245411900000000003e+02,1.262649249999999945e+01,4.461270499999999828e+01,1.076897349999999989e+02,9.970606999999999331e+00,2.820393400000000028e+01,1.050582349999999963e+02,3.154103699999999932e+01,1.981651700000000105e+01,8.509508999999999546e+00,1.191388899999999929e+01,1.000000000000000000e+00
